ZipCode,City,County,State,LastUpdatedDate,AverageRent,MedianRent,AverageRentPerSqFt,MedianRentPerSqFt
75001,Addison,Dallas,TX,2025-11-08T00:00:00.000Z,2203.0,1994.0,1.97,1.82
75002,Allen,Collin,TX,2025-11-08T00:00:00.000Z,2441.0,2150.0,1.45,1.41
75006,Carrollton,Dallas,TX,2025-11-08T00:00:00.000Z,1876.0,1739.0,1.78,1.73
75010,Carrollton,Denton,TX,2025-11-08T00:00:00.000Z,1966.0,1751.0,1.67,1.66
75019,Coppell,Dallas,TX,2025-11-08T00:00:00.000Z,2631.0,2500.0,1.63,1.59
75020,Denison,Grayson,TX,2025-11-08T00:00:00.000Z,1537.0,1475.0,1.16,1.14
75021,Denison,Grayson,TX,2025-11-08T00:00:00.000Z,1469.0,1450.0,1.22,1.22
75022,Flower Mound,Denton,TX,2025-11-08T00:00:00.000Z,3156.0,2750.0,2.14,2.19
75023,Plano,Collin,TX,2025-11-08T00:00:00.000Z,2100.0,1965.0,1.62,1.59
75024,Plano,Collin,TX,2025-11-08T00:00:00.000Z,2146.0,1803.0,2.04,1.92
75701,Tyler,Smith,TX,2025-11-08T00:00:00.000Z,1563.0,1550.0,1.21,1.13
75702,Tyler,Smith,TX,2025-11-08T00:00:00.000Z,1322.0,1195.0,1.24,1.17
75703,Tyler,Smith,TX,2025-11-08T00:00:00.000Z,1805.0,1650.0,1.31,1.24
77002,Houston,Harris,TX,2025-11-08T00:00:00.000Z,2119.0,1895.0,2.29,2.28
77003,Houston,Harris,TX,2025-11-08T00:00:00.000Z,2196.0,2047.0,2.0,1.97
78201,San Antonio,Bexar,TX,2025-11-08T00:00:00.000Z,1232.0,1100.0,1.27,1.26
78202,San Antonio,Bexar,TX,2025-11-08T00:00:00.000Z,1617.0,1599.0,1.39,1.36
78203,San Antonio,Bexar,TX,2025-11-08T00:00:00.000Z,1715.0,1675.0,1.4,1.37
78701,Austin,Travis,TX,2025-11-08T00:00:00.000Z,3260.0,2822.0,3.47,3.29
78702,Austin,Travis,TX,2025-11-08T00:00:00.000Z,2730.0,2500.0,2.51,2.38
78703,Austin,Travis,TX,2025-11-08T00:00:00.000Z,3084.0,2595.0,2.66,2.59
76102,Fort Worth,Tarrant,TX,2025-11-08T00:00:00.000Z,1741.0,1613.0,1.95,1.89
76103,Fort Worth,Tarrant,TX,2025-11-08T00:00:00.000Z,1419.0,1295.0,1.39,1.35
76104,Fort Worth,Tarrant,TX,2025-11-08T00:00:00.000Z,1678.0,1500.0,1.83,1.79
73301,Austin,Travis,TX,2023-06-26T00:00:00.000Z,2100.0,,,
73960,Texhoma,Sherman,TX,,,,,
75007,Carrollton,Denton,TX,2025-11-21T00:00:00.000Z,2228.0,2088.0,1.67,1.62
75009,Celina,Collin,TX,2025-11-21T00:00:00.000Z,2280.0,1940.0,1.57,1.63
75013,Allen,Collin,TX,2025-11-21T00:00:00.000Z,1945.0,1732.0,1.76,1.73
75016,Irving,Dallas,TX,2023-06-22T00:00:00.000Z,1799.0,,,
75025,Plano,Collin,TX,2025-11-21T00:00:00.000Z,2313.0,2200.0,1.47,1.5
75028,Flower Mound,Denton,TX,2025-11-21T00:00:00.000Z,2526.0,2389.0,1.63,1.58
75032,Rockwall,Rockwall,TX,2025-11-21T00:00:00.000Z,2315.0,2105.0,1.51,1.44
75033,Frisco,Denton,TX,2025-11-21T00:00:00.000Z,2380.0,1970.0,1.56,1.58
75034,Frisco,Denton,TX,2025-11-21T00:00:00.000Z,2013.0,1746.0,1.88,1.81
75035,Frisco,Collin,TX,2025-11-21T00:00:00.000Z,2564.0,2450.0,1.47,1.41
75036,Frisco,Denton,TX,2025-11-21T00:00:00.000Z,2701.0,2500.0,1.4,1.41
75038,Irving,Dallas,TX,2025-11-21T00:00:00.000Z,1795.0,1547.0,1.76,1.65
75039,Irving,Dallas,TX,2025-11-21T00:00:00.000Z,2308.0,2150.0,2.07,2.06
75040,Garland,Dallas,TX,2025-11-21T00:00:00.000Z,2022.0,1975.0,1.59,1.49
75041,Garland,Dallas,TX,2025-11-21T00:00:00.000Z,1766.0,1395.0,1.49,1.41
75042,Garland,Dallas,TX,2025-11-21T00:00:00.000Z,1941.0,1995.0,1.46,1.44
75043,Garland,Dallas,TX,2025-11-21T00:00:00.000Z,2017.0,1879.0,1.41,1.41
75044,Garland,Dallas,TX,2025-11-21T00:00:00.000Z,2033.0,1945.0,1.6,1.62
75046,Garland,Dallas,TX,2023-08-25T00:00:00.000Z,894.0,,,
75047,Garland,Dallas,TX,2025-11-16T00:00:00.000Z,1750.0,1750.0,1.15,1.15
75048,Sachse,Dallas,TX,2025-11-21T00:00:00.000Z,2515.0,2499.0,1.39,1.3
75049,Garland,Dallas,TX,2025-11-02T00:00:00.000Z,1275.0,1275.0,0.86,0.86
75050,Grand Prairie,Dallas,TX,2025-11-21T00:00:00.000Z,1688.0,1515.0,1.58,1.54
75051,Grand Prairie,Dallas,TX,2025-11-21T00:00:00.000Z,1984.0,1945.0,1.62,1.48
75052,Grand Prairie,Dallas,TX,2025-11-21T00:00:00.000Z,1828.0,1540.0,1.6,1.58
75053,Grand Prairie,Dallas,TX,2023-02-02T00:00:01.537Z,1200.0,,,
75054,Grand Prairie,Dallas,TX,2025-11-21T00:00:00.000Z,2757.0,2795.0,1.31,1.2
75056,The Colony,Denton,TX,2025-11-21T00:00:00.000Z,1945.0,1725.0,1.76,1.8
75057,Lewisville,Denton,TX,2025-11-21T00:00:00.000Z,1763.0,1671.0,1.69,1.69
75058,Gunter,Grayson,TX,2025-11-21T00:00:00.000Z,2803.0,2950.0,1.5,1.41
75060,Irving,Dallas,TX,2025-11-21T00:00:00.000Z,2358.0,2095.0,1.71,1.56
75061,Irving,Dallas,TX,2025-11-21T00:00:00.000Z,1668.0,1307.0,1.54,1.43
75062,Irving,Dallas,TX,2025-11-21T00:00:00.000Z,2006.0,1740.0,1.6,1.55
75063,Irving,Dallas,TX,2025-11-21T00:00:00.000Z,2416.0,2300.0,1.57,1.59
75065,Lake Dallas,Denton,TX,2025-11-21T00:00:00.000Z,2361.0,2175.0,1.57,1.51
75067,Lewisville,Denton,TX,2025-11-21T00:00:00.000Z,1631.0,1471.0,1.64,1.61
75068,Little Elm,Denton,TX,2025-11-21T00:00:00.000Z,2204.0,2159.0,1.47,1.35
75069,Mckinney,Collin,TX,2025-11-21T00:00:00.000Z,1755.0,1536.0,1.72,1.7
75070,Mckinney,Collin,TX,2025-11-21T00:00:00.000Z,1860.0,1710.0,1.67,1.66
75071,Mckinney,Collin,TX,2025-11-21T00:00:00.000Z,2285.0,2282.0,1.44,1.4
75072,Mckinney,Collin,TX,2025-11-21T00:00:00.000Z,2272.0,2250.0,1.43,1.34
75074,Plano,Collin,TX,2025-11-21T00:00:00.000Z,1777.0,1585.0,1.71,1.68
75075,Plano,Collin,TX,2025-11-21T00:00:00.000Z,2081.0,1736.0,1.76,1.72
75076,Pottsboro,Grayson,TX,2025-11-21T00:00:00.000Z,2272.0,2100.0,1.55,1.4
75077,Lewisville,Denton,TX,2025-11-21T00:00:00.000Z,2089.0,1750.0,1.71,1.71
75078,Prosper,Collin,TX,2025-11-21T00:00:00.000Z,2867.0,2695.0,1.46,1.37
75080,Richardson,Dallas,TX,2025-11-21T00:00:00.000Z,2015.0,1835.0,1.77,1.76
75081,Richardson,Dallas,TX,2025-11-21T00:00:00.000Z,2405.0,2200.0,1.76,1.65
75082,Richardson,Dallas,TX,2025-11-21T00:00:00.000Z,2002.0,1743.0,1.88,1.86
75083,Richardson,Dallas,TX,,,,,
75087,Rockwall,Rockwall,TX,2025-11-21T00:00:00.000Z,2171.0,1900.0,1.48,1.47
75088,Rowlett,Dallas,TX,2025-11-21T00:00:00.000Z,2574.0,2200.0,1.6,1.5
75089,Rowlett,Dallas,TX,2025-11-21T00:00:00.000Z,2083.0,1843.0,1.41,1.39
75090,Sherman,Grayson,TX,2025-11-21T00:00:00.000Z,1574.0,1550.0,1.24,1.19
75092,Sherman,Grayson,TX,2025-11-21T00:00:00.000Z,1883.0,1850.0,1.39,1.29
75093,Plano,Collin,TX,2025-11-21T00:00:00.000Z,1967.0,1725.0,1.8,1.8
75094,Plano,Collin,TX,2025-11-21T00:00:00.000Z,3025.0,2995.0,1.06,1.06
75097,Weston,Collin,TX,2025-11-21T00:00:00.000Z,2088.0,2035.0,1.13,1.1
75098,Wylie,Collin,TX,2025-11-21T00:00:00.000Z,2289.0,2195.0,1.34,1.3
75101,Bardwell,Ellis,TX,2024-06-23T00:00:00.000Z,1450.0,,,
75102,Barry,Navarro,TX,2025-08-08T00:00:00.000Z,2500.0,2500.0,2.98,2.98
75103,Canton,Van Zandt,TX,2025-11-21T00:00:00.000Z,1564.0,1500.0,1.39,1.11
75104,Cedar Hill,Dallas,TX,2025-11-21T00:00:00.000Z,2106.0,2095.0,1.49,1.43
75105,Chatfield,Navarro,TX,,,,,
75109,Corsicana,Navarro,TX,2025-11-21T00:00:00.000Z,1950.0,1800.0,1.52,1.52
75110,Corsicana,Navarro,TX,2025-11-21T00:00:00.000Z,1458.0,1450.0,1.27,1.27
75114,Crandall,Kaufman,TX,2025-11-21T00:00:00.000Z,1909.0,1845.0,1.3,1.25
75115,Desoto,Dallas,TX,2025-11-21T00:00:00.000Z,2399.0,2000.0,1.46,1.32
75116,Duncanville,Dallas,TX,2025-11-21T00:00:00.000Z,1705.0,1595.0,1.38,1.36
75117,Edgewood,Van Zandt,TX,2025-11-21T00:00:00.000Z,1218.0,950.0,0.78,0.8
75119,Ennis,Ellis,TX,2025-11-21T00:00:00.000Z,1606.0,1641.0,1.35,1.29
75124,Eustace,Henderson,TX,2025-11-21T00:00:00.000Z,998.0,545.0,,
75125,Ferris,Ellis,TX,2025-11-21T00:00:00.000Z,2110.0,2039.0,1.25,1.21
75126,Forney,Kaufman,TX,2025-11-21T00:00:00.000Z,2125.0,2095.0,1.28,1.2
75127,Fruitvale,Van Zandt,TX,2025-01-09T00:00:00.000Z,1200.0,1200.0,1.01,1.01
75132,Fate,Rockwall,TX,2025-11-21T00:00:00.000Z,2100.0,1649.0,1.61,1.71
75134,Lancaster,Dallas,TX,2025-11-21T00:00:00.000Z,2077.0,2100.0,1.22,1.21
75135,Caddo Mills,Hunt,TX,2025-11-21T00:00:00.000Z,2068.0,2095.0,1.08,1.05
75137,Duncanville,Dallas,TX,2025-11-21T00:00:00.000Z,1967.0,1975.0,1.34,1.32
75140,Grand Saline,Van Zandt,TX,2025-11-21T00:00:00.000Z,1381.0,1275.0,1.09,1.03
75141,Hutchins,Dallas,TX,2025-11-21T00:00:00.000Z,2290.0,2245.0,1.41,1.37
75142,Kaufman,Kaufman,TX,2025-11-21T00:00:00.000Z,1884.0,1800.0,1.45,1.48
75143,Kemp,Kaufman,TX,2025-11-21T00:00:00.000Z,1500.0,1050.0,2.12,2.38
75144,Kerens,Navarro,TX,2025-11-21T00:00:00.000Z,985.0,620.0,1.05,1.05
75146,Lancaster,Dallas,TX,2025-11-21T00:00:00.000Z,1758.0,1400.0,1.37,1.22
75147,Mabank,Kaufman,TX,2025-11-21T00:00:00.000Z,1552.0,1549.0,0.94,0.91
75148,Malakoff,Henderson,TX,2025-11-21T00:00:00.000Z,1435.0,1290.0,1.31,1.28
75149,Mesquite,Dallas,TX,2025-11-21T00:00:00.000Z,2136.0,1950.0,1.41,1.38
75150,Mesquite,Dallas,TX,2025-11-21T00:00:00.000Z,1630.0,1600.0,1.48,1.45
75152,Palmer,Ellis,TX,2025-11-21T00:00:00.000Z,1782.0,1795.0,1.2,1.32
75153,Powell,Navarro,TX,,,,,
75154,Red Oak,Ellis,TX,2025-11-21T00:00:00.000Z,2286.0,2250.0,1.23,1.18
75155,Rice,Navarro,TX,2025-11-10T00:00:00.000Z,1500.0,1500.0,1.62,1.62
75156,Mabank,Henderson,TX,2025-11-21T00:00:00.000Z,1914.0,1600.0,1.44,1.33
75157,Rosser,Kaufman,TX,,,,,
75158,Scurry,Kaufman,TX,2025-11-21T00:00:00.000Z,1665.0,1800.0,1.31,1.33
75159,Seagoville,Dallas,TX,2025-11-21T00:00:00.000Z,2071.0,2000.0,1.18,1.12
75160,Terrell,Kaufman,TX,2025-11-21T00:00:00.000Z,1666.0,1700.0,1.31,1.25
75161,Terrell,Kaufman,TX,2025-11-21T00:00:00.000Z,3417.0,3250.0,1.58,1.64
75163,Trinidad,Henderson,TX,2025-11-21T00:00:00.000Z,2187.0,1490.0,1.3,1.04
75164,Josephine,Collin,TX,2024-03-31T00:00:00.000Z,1950.0,,,
75165,Waxahachie,Ellis,TX,2025-11-21T00:00:00.000Z,2142.0,2000.0,1.45,1.39
75166,Lavon,Collin,TX,2025-11-21T00:00:00.000Z,1906.0,1750.0,1.48,1.65
75167,Waxahachie,Ellis,TX,2025-11-21T00:00:00.000Z,2468.0,2300.0,1.35,1.31
75169,Wills Point,Van Zandt,TX,2025-11-21T00:00:00.000Z,1681.0,1650.0,1.4,1.36
75172,Wilmer,Dallas,TX,2025-11-21T00:00:00.000Z,1768.0,1850.0,1.23,1.21
75173,Nevada,Collin,TX,2025-11-21T00:00:00.000Z,2158.0,2095.0,1.27,1.2
75180,Balch Springs,Dallas,TX,2025-11-21T00:00:00.000Z,1754.0,1699.0,1.42,1.42
75181,Mesquite,Dallas,TX,2025-11-21T00:00:00.000Z,2658.0,2500.0,1.27,1.26
75182,Sunnyvale,Dallas,TX,2025-11-21T00:00:00.000Z,3971.0,3200.0,1.35,1.34
75189,Royse City,Rockwall,TX,2025-11-21T00:00:00.000Z,2157.0,2100.0,1.17,1.1
75201,Dallas,Dallas,TX,2025-11-21T00:00:00.000Z,2682.0,2259.0,2.45,2.35
75202,Dallas,Dallas,TX,2025-11-21T00:00:00.000Z,2519.0,2000.0,2.31,2.08
75203,Dallas,Dallas,TX,2025-11-21T00:00:00.000Z,1869.0,1575.0,2.0,1.95
75204,Dallas,Dallas,TX,2025-11-21T00:00:00.000Z,2593.0,2337.0,2.36,2.27
75205,Dallas,Dallas,TX,2025-11-21T00:00:00.000Z,3667.0,2922.0,2.7,2.59
75206,Dallas,Dallas,TX,2025-11-21T00:00:00.000Z,2422.0,2100.0,2.22,2.17
75207,Dallas,Dallas,TX,2025-11-21T00:00:00.000Z,2007.0,1873.0,2.13,1.94
75208,Dallas,Dallas,TX,2025-11-21T00:00:00.000Z,2014.0,1700.0,2.01,1.95
75209,Dallas,Dallas,TX,2025-11-21T00:00:00.000Z,3105.0,2400.0,2.08,1.99
75210,Dallas,Dallas,TX,2025-11-21T00:00:00.000Z,1680.0,1600.0,1.44,1.54
75211,Dallas,Dallas,TX,2025-11-21T00:00:00.000Z,1920.0,1775.0,1.8,1.77
75212,Dallas,Dallas,TX,2025-11-21T00:00:00.000Z,2615.0,2175.0,2.01,1.89
75214,Dallas,Dallas,TX,2025-11-21T00:00:00.000Z,2472.0,2100.0,1.98,1.97
75215,Dallas,Dallas,TX,2025-11-21T00:00:00.000Z,2227.0,1800.0,1.62,1.5
75216,Dallas,Dallas,TX,2025-11-21T00:00:00.000Z,1600.0,1550.0,1.42,1.38
75217,Dallas,Dallas,TX,2025-11-21T00:00:00.000Z,1732.0,1753.0,1.41,1.39
75218,Dallas,Dallas,TX,2025-11-21T00:00:00.000Z,2345.0,1954.0,1.81,1.74
75219,Dallas,Dallas,TX,2025-11-21T00:00:00.000Z,2702.0,2228.0,2.42,2.27
75220,Dallas,Dallas,TX,2025-11-21T00:00:00.000Z,2223.0,1624.0,1.86,1.72
75223,Dallas,Dallas,TX,2025-11-21T00:00:00.000Z,2036.0,1650.0,1.68,1.63
75224,Dallas,Dallas,TX,2025-11-21T00:00:00.000Z,2077.0,2000.0,1.55,1.49
75225,Dallas,Dallas,TX,2025-11-21T00:00:00.000Z,4047.0,3507.0,2.32,2.24
75226,Dallas,Dallas,TX,2025-11-21T00:00:00.000Z,2205.0,2016.0,2.22,2.23
75227,Dallas,Dallas,TX,2025-11-21T00:00:00.000Z,1870.0,1795.0,1.33,1.3
75228,Dallas,Dallas,TX,2025-11-21T00:00:00.000Z,2020.0,1795.0,1.54,1.47
75229,Dallas,Dallas,TX,2025-11-21T00:00:00.000Z,3610.0,2950.0,1.96,1.79
75230,Dallas,Dallas,TX,2025-11-21T00:00:00.000Z,2578.0,1900.0,1.83,1.7
75231,Dallas,Dallas,TX,2025-11-21T00:00:00.000Z,1957.0,1752.0,1.96,1.93
75232,Dallas,Dallas,TX,2025-11-21T00:00:00.000Z,1855.0,1870.0,1.35,1.34
75233,Dallas,Dallas,TX,2025-11-21T00:00:00.000Z,2001.0,1995.0,1.43,1.43
75234,Dallas,Dallas,TX,2025-11-21T00:00:00.000Z,2186.0,1959.0,1.82,1.79
75235,Dallas,Dallas,TX,2025-11-21T00:00:00.000Z,1753.0,1583.0,1.96,1.92
75236,Dallas,Dallas,TX,2025-11-21T00:00:00.000Z,1693.0,1450.0,1.58,1.54
75237,Dallas,Dallas,TX,2025-11-21T00:00:00.000Z,1268.0,1142.0,1.49,1.48
75238,Dallas,Dallas,TX,2025-11-21T00:00:00.000Z,1718.0,1382.0,1.65,1.6
75240,Dallas,Dallas,TX,2025-11-21T00:00:00.000Z,2028.0,1713.0,1.93,1.84
75241,Dallas,Dallas,TX,2025-11-21T00:00:00.000Z,1791.0,1795.0,1.32,1.32
75243,Dallas,Dallas,TX,2025-11-21T00:00:00.000Z,1469.0,1250.0,1.57,1.54
75244,Dallas,Dallas,TX,2025-11-21T00:00:00.000Z,2317.0,1862.0,2.05,2.0
75246,Dallas,Dallas,TX,2025-11-21T00:00:00.000Z,1550.0,1300.0,1.91,1.77
75247,Dallas,Dallas,TX,2025-11-21T00:00:00.000Z,1250.0,1250.0,2.66,2.66
75248,Dallas,Dallas,TX,2025-11-21T00:00:00.000Z,2300.0,1762.0,1.78,1.72
75249,Dallas,Dallas,TX,2025-11-21T00:00:00.000Z,2578.0,2100.0,1.47,1.22
75251,Dallas,Dallas,TX,2025-11-21T00:00:00.000Z,1586.0,1568.0,2.1,1.99
75252,Dallas,Collin,TX,2025-11-21T00:00:00.000Z,1672.0,1233.0,1.75,1.72
75253,Dallas,Dallas,TX,2025-11-21T00:00:00.000Z,1908.0,1861.0,1.28,1.28
75254,Dallas,Dallas,TX,2025-11-21T00:00:00.000Z,1818.0,1661.0,1.8,1.82
75260,Dallas,Dallas,TX,2022-11-04T00:00:02.404Z,1380.0,,,
75277,Dallas,Dallas,TX,2025-11-02T00:00:00.000Z,2250.0,2250.0,1.2,1.2
75287,Dallas,Collin,TX,2025-11-21T00:00:00.000Z,1415.0,1320.0,1.71,1.67
75359,Dallas,Dallas,TX,,,,,
75380,Dallas,Dallas,TX,,,,,
75391,Dallas,Dallas,TX,,,,,
75401,Greenville,Hunt,TX,2025-11-21T00:00:00.000Z,1535.0,1500.0,1.16,1.17
75402,Greenville,Hunt,TX,2025-11-21T00:00:00.000Z,1833.0,1690.0,1.28,1.18
75407,Princeton,Collin,TX,2025-11-21T00:00:00.000Z,1982.0,1950.0,1.19,1.14
75409,Anna,Collin,TX,2025-11-21T00:00:00.000Z,2024.0,2049.0,1.22,1.18
75410,Alba,Wood,TX,2025-11-21T00:00:00.000Z,1675.0,1150.0,1.23,0.9
75411,Arthur City,Lamar,TX,,,,,
75412,Bagwell,Red River,TX,,,,,
75413,Bailey,Fannin,TX,2025-11-21T00:00:00.000Z,1350.0,1350.0,1.23,1.23
75414,Bells,Grayson,TX,2025-11-21T00:00:00.000Z,1797.0,1295.0,1.31,1.18
75415,Ben Franklin,Delta,TX,,,,,
75416,Blossom,Lamar,TX,2025-11-21T00:00:00.000Z,2033.0,1300.0,1.24,1.48
75417,Bogata,Red River,TX,2025-11-21T00:00:00.000Z,1612.0,925.0,1.41,1.06
75418,Bonham,Fannin,TX,2025-11-21T00:00:00.000Z,1427.0,1395.0,1.12,1.16
75420,Brashear,Hopkins,TX,2024-12-26T00:00:00.000Z,1450.0,1450.0,1.04,1.04
75421,Brookston,Lamar,TX,2025-11-15T00:00:00.000Z,1000.0,1000.0,0.96,0.96
75422,Campbell,Hunt,TX,2025-11-21T00:00:00.000Z,1615.0,1695.0,0.9,1.03
75423,Celeste,Hunt,TX,2025-11-21T00:00:00.000Z,1788.0,1650.0,1.19,1.15
75424,Blue Ridge,Collin,TX,2025-11-21T00:00:00.000Z,1825.0,1500.0,1.32,1.29
75426,Clarksville,Red River,TX,2025-11-21T00:00:00.000Z,1150.0,1150.0,0.77,0.77
75428,Commerce,Hunt,TX,2025-11-21T00:00:00.000Z,1158.0,1195.0,1.03,1.14
75431,Como,Hopkins,TX,2022-07-02T00:00:01.919Z,700.0,,,
75432,Cooper,Delta,TX,2025-11-21T00:00:00.000Z,1254.0,925.0,0.86,1.0
75433,Cumby,Hopkins,TX,2025-11-21T00:00:00.000Z,935.0,800.0,1.08,0.94
75435,Deport,Lamar,TX,2025-11-21T00:00:00.000Z,950.0,950.0,1.13,1.13
75436,Detroit,Red River,TX,2025-11-21T00:00:00.000Z,1650.0,1650.0,0.82,0.82
75437,Dike,Hopkins,TX,,,,,
75438,Dodd City,Fannin,TX,2025-05-25T00:00:00.000Z,1300.0,1300.0,,
75439,Ector,Fannin,TX,2025-04-10T00:00:00.000Z,1600.0,1600.0,1.55,1.55
75440,Emory,Rains,TX,2025-11-21T00:00:00.000Z,1557.0,1400.0,1.05,0.96
75441,Enloe,Delta,TX,,,,,
75442,Farmersville,Collin,TX,2025-11-21T00:00:00.000Z,1908.0,1850.0,1.16,1.08
75443,Gober,Fannin,TX,,,,,
75446,Honey Grove,Fannin,TX,2025-11-21T00:00:00.000Z,845.0,540.0,1.18,1.18
75447,Ivanhoe,Fannin,TX,2024-12-26T00:00:00.000Z,2200.0,2200.0,1.0,1.0
75448,Klondike,Delta,TX,2024-12-16T00:00:00.000Z,1500.0,1500.0,0.81,0.81
75449,Ladonia,Fannin,TX,2025-10-11T00:00:00.000Z,1450.0,1450.0,1.29,1.29
75450,Lake Creek,Delta,TX,,,,,
75451,Leesburg,Camp,TX,2025-11-21T00:00:00.000Z,1500.0,1500.0,1.22,1.22
75452,Leonard,Fannin,TX,2025-11-21T00:00:00.000Z,1283.0,1050.0,1.27,1.17
75453,Lone Oak,Hunt,TX,2025-11-21T00:00:00.000Z,1404.0,1700.0,1.06,1.0
75454,Melissa,Collin,TX,2025-11-21T00:00:00.000Z,2011.0,2000.0,1.4,1.3
75455,Mount Pleasant,Titus,TX,2025-11-21T00:00:00.000Z,1756.0,1600.0,1.1,1.04
75456,Mount Pleasant,Titus,TX,,,,,
75457,Mount Vernon,Franklin,TX,2025-11-21T00:00:00.000Z,1435.0,1100.0,1.04,1.1
75459,Howe,Grayson,TX,2025-11-21T00:00:00.000Z,1684.0,1599.0,1.32,1.27
75460,Paris,Lamar,TX,2025-11-21T00:00:00.000Z,1158.0,1195.0,1.06,1.03
75461,Paris,Lamar,TX,,,,,
75462,Paris,Lamar,TX,2025-11-21T00:00:00.000Z,1405.0,1500.0,1.01,0.98
75468,Pattonville,Lamar,TX,2020-07-22T12:00:05.752Z,650.0,,,
75469,Pecan Gap,Delta,TX,2025-09-23T00:00:00.000Z,475.0,300.0,0.38,0.34
75470,Petty,Lamar,TX,,,,,
75471,Pickton,Hopkins,TX,,,,,
75472,Point,Rains,TX,2025-11-21T00:00:00.000Z,1700.0,1200.0,1.07,0.8
75473,Powderly,Lamar,TX,2025-11-21T00:00:00.000Z,2200.0,2200.0,1.47,1.47
75474,Quinlan,Hunt,TX,2025-11-21T00:00:00.000Z,1758.0,1450.0,1.87,1.44
75475,Randolph,Fannin,TX,2025-05-09T00:00:00.000Z,1795.0,1795.0,1.37,1.37
75476,Ravenna,Fannin,TX,2024-01-06T00:00:00.000Z,1650.0,,,
75477,Roxton,Lamar,TX,,,,,
75478,Saltillo,Hopkins,TX,2025-11-21T00:00:00.000Z,1600.0,1600.0,0.79,0.79
75479,Savoy,Fannin,TX,2025-11-21T00:00:00.000Z,900.0,900.0,0.56,0.56
75480,Scroggins,Franklin,TX,2025-07-03T00:00:00.000Z,6500.0,6500.0,1.01,1.01
75481,Sulphur Bluff,Hopkins,TX,,,,,
75482,Sulphur Springs,Hopkins,TX,2025-11-21T00:00:00.000Z,1381.0,1250.0,1.25,1.25
75483,Sulphur Springs,Hopkins,TX,,,,,
75486,Sumner,Lamar,TX,2025-11-18T00:00:00.000Z,3950.0,3950.0,0.73,0.73
75487,Talco,Franklin,TX,2025-07-03T00:00:00.000Z,1800.0,1800.0,0.79,0.79
75488,Telephone,Fannin,TX,2025-11-21T00:00:00.000Z,1895.0,1895.0,1.18,1.18
75489,Tom Bean,Grayson,TX,2025-11-21T00:00:00.000Z,1180.0,1100.0,1.19,1.2
75490,Trenton,Fannin,TX,2025-11-21T00:00:00.000Z,1716.0,1550.0,1.75,1.2
75491,Whitewright,Grayson,TX,2025-11-21T00:00:00.000Z,1291.0,1075.0,1.25,1.21
75492,Windom,Fannin,TX,2025-11-21T00:00:00.000Z,1088.0,775.0,0.83,0.83
75493,Winfield,Titus,TX,,,,,
75494,Winnsboro,Wood,TX,2025-11-21T00:00:00.000Z,2082.0,1950.0,1.15,0.99
75495,Van Alstyne,Grayson,TX,2025-11-21T00:00:00.000Z,2354.0,2300.0,1.16,1.11
75496,Wolfe City,Hunt,TX,2025-11-21T00:00:00.000Z,1300.0,1140.0,1.22,1.17
75497,Yantis,Wood,TX,2025-11-21T00:00:00.000Z,2700.0,800.0,1.21,0.36
75501,Texarkana,Bowie,TX,2025-11-21T00:00:00.000Z,1195.0,1100.0,1.14,1.08
75503,Texarkana,Bowie,TX,2025-11-21T00:00:00.000Z,1723.0,1450.0,1.36,1.1
75507,Texarkana,Bowie,TX,2024-12-23T00:00:00.000Z,750.0,750.0,,
75550,Annona,Red River,TX,2025-11-21T00:00:00.000Z,1350.0,1350.0,0.74,0.74
75551,Atlanta,Cass,TX,2025-11-21T00:00:00.000Z,956.0,925.0,0.87,0.77
75554,Avery,Red River,TX,2024-01-06T00:00:00.000Z,1100.0,,,
75555,Bivins,Cass,TX,2025-11-21T00:00:00.000Z,650.0,650.0,,
75556,Bloomburg,Cass,TX,,,,,
75558,Cookville,Titus,TX,2025-02-28T00:00:00.000Z,1850.0,1850.0,0.76,0.76
75559,De Kalb,Bowie,TX,2025-11-21T00:00:00.000Z,750.0,750.0,0.79,0.79
75560,Douglassville,Cass,TX,,,,,
75561,Hooks,Bowie,TX,2025-11-21T00:00:00.000Z,620.0,595.0,0.84,0.84
75562,Kildare,Cass,TX,2024-05-19T00:00:00.000Z,1050.0,,,
75563,Linden,Cass,TX,2025-11-21T00:00:00.000Z,636.0,625.0,,
75565,Mc Leod,Cass,TX,,,,,
75566,Marietta,Cass,TX,2025-03-29T00:00:00.000Z,1795.0,1795.0,1.06,1.06
75567,Maud,Bowie,TX,2025-11-21T00:00:00.000Z,1300.0,1300.0,0.96,0.96
75568,Naples,Morris,TX,2025-11-21T00:00:00.000Z,1850.0,1850.0,1.25,1.25
75569,Nash,Bowie,TX,2025-11-21T00:00:00.000Z,1062.0,950.0,1.18,1.19
75570,New Boston,Bowie,TX,2025-11-21T00:00:00.000Z,1275.0,1050.0,1.13,0.95
75571,Omaha,Morris,TX,2025-07-07T00:00:00.000Z,725.0,725.0,,
75572,Queen City,Cass,TX,2025-11-21T00:00:00.000Z,692.0,675.0,0.91,0.85
75573,Redwater,Bowie,TX,,,,,
75574,Simms,Bowie,TX,2025-10-10T00:00:00.000Z,950.0,950.0,0.82,0.82
75601,Longview,Gregg,TX,2025-11-21T00:00:00.000Z,1258.0,1000.0,1.25,1.16
75602,Longview,Gregg,TX,2025-11-21T00:00:00.000Z,1043.0,850.0,0.98,0.91
75603,Longview,Gregg,TX,2025-11-21T00:00:00.000Z,1420.0,1420.0,1.2,1.2
75604,Longview,Gregg,TX,2025-11-21T00:00:00.000Z,1249.0,1150.0,1.16,1.16
75605,Longview,Gregg,TX,2025-11-21T00:00:00.000Z,1702.0,1750.0,1.28,1.22
75630,Avinger,Cass,TX,2025-10-09T00:00:00.000Z,650.0,650.0,,
75631,Beckville,Panola,TX,2021-06-16T12:00:27.028Z,899.0,,,
75633,Carthage,Panola,TX,2025-11-21T00:00:00.000Z,598.0,450.0,,
75638,Daingerfield,Morris,TX,2025-08-30T00:00:00.000Z,1700.0,1700.0,0.9,0.9
75639,De Berry,Panola,TX,2025-11-21T00:00:00.000Z,850.0,850.0,0.87,0.87
75640,Diana,Upshur,TX,2025-11-21T00:00:00.000Z,1712.0,675.0,1.56,1.56
75642,Elysian Fields,Harrison,TX,,,,,
75643,Gary,Panola,TX,2025-11-21T00:00:00.000Z,620.0,450.0,1.88,1.88
75644,Gilmer,Upshur,TX,2025-11-21T00:00:00.000Z,1137.0,995.0,1.07,1.11
75645,Gilmer,Upshur,TX,2025-11-21T00:00:00.000Z,1215.0,950.0,1.29,0.92
75647,Gladewater,Gregg,TX,2025-11-21T00:00:00.000Z,1177.0,1195.0,1.2,1.15
75650,Hallsville,Harrison,TX,2025-11-21T00:00:00.000Z,1118.0,895.0,1.19,1.12
75651,Harleton,Harrison,TX,2025-11-21T00:00:00.000Z,1125.0,1050.0,0.69,0.69
75652,Henderson,Rusk,TX,2025-11-21T00:00:00.000Z,1277.0,1200.0,1.08,0.89
75653,Henderson,Rusk,TX,,,,,
75654,Henderson,Rusk,TX,2025-11-21T00:00:00.000Z,1431.0,1350.0,1.36,1.22
75656,Hughes Springs,Cass,TX,2025-11-21T00:00:00.000Z,883.0,995.0,0.92,0.75
75657,Jefferson,Marion,TX,2025-11-21T00:00:00.000Z,879.0,763.0,0.88,0.88
75661,Karnack,Harrison,TX,2025-05-11T00:00:00.000Z,1300.0,1300.0,0.72,0.72
75662,Kilgore,Gregg,TX,2025-11-21T00:00:00.000Z,1225.0,1350.0,1.28,1.19
75666,Laird Hill,Rusk,TX,,,,,
75667,Laneville,Rusk,TX,,,,,
75668,Lone Star,Morris,TX,2025-11-21T00:00:00.000Z,711.0,750.0,0.53,0.04
75669,Long Branch,Panola,TX,2024-01-06T00:00:00.000Z,2950.0,,,
75670,Marshall,Harrison,TX,2025-11-21T00:00:00.000Z,1126.0,905.0,1.04,0.95
75672,Marshall,Harrison,TX,2025-11-21T00:00:00.000Z,907.0,825.0,1.3,1.03
75681,Mount Enterprise,Rusk,TX,,,,,
75682,New London,Rusk,TX,,,,,
75683,Ore City,Upshur,TX,2025-11-21T00:00:00.000Z,1012.0,675.0,0.94,0.82
75684,Overton,Rusk,TX,2025-11-21T00:00:00.000Z,1185.0,745.0,1.37,1.22
75686,Pittsburg,Camp,TX,2025-11-21T00:00:00.000Z,1608.0,1500.0,1.08,1.05
75687,Price,Rusk,TX,,,,,
75689,Selman City,Rusk,TX,,,,,
75691,Tatum,Rusk,TX,2025-11-21T00:00:00.000Z,864.0,534.0,,
75692,Waskom,Harrison,TX,2025-11-21T00:00:00.000Z,1300.0,1200.0,1.54,1.5
75693,White Oak,Gregg,TX,2025-11-21T00:00:00.000Z,1130.0,875.0,1.04,0.95
75704,Tyler,Smith,TX,2025-11-21T00:00:00.000Z,1319.0,1300.0,1.1,1.07
75705,Tyler,Smith,TX,2025-11-21T00:00:00.000Z,1370.0,1300.0,1.15,1.1
75706,Tyler,Smith,TX,2025-11-21T00:00:00.000Z,1367.0,1335.0,1.17,1.08
75707,Tyler,Smith,TX,2025-11-21T00:00:00.000Z,1757.0,1750.0,1.26,1.27
75708,Tyler,Smith,TX,2025-11-21T00:00:00.000Z,1175.0,1200.0,1.2,1.1
75709,Tyler,Smith,TX,2025-11-21T00:00:00.000Z,1700.0,1550.0,1.24,1.22
75710,Tyler,Smith,TX,,,,,
75711,Tyler,Smith,TX,,,,,
75750,Arp,Smith,TX,2025-11-21T00:00:00.000Z,2002.0,1345.0,1.27,1.2
75751,Athens,Henderson,TX,2025-11-21T00:00:00.000Z,1326.0,1300.0,1.26,1.27
75752,Athens,Henderson,TX,2025-11-21T00:00:00.000Z,2528.0,1950.0,1.27,1.29
75754,Ben Wheeler,Van Zandt,TX,2025-11-21T00:00:00.000Z,1450.0,1450.0,0.9,0.9
75755,Big Sandy,Upshur,TX,2025-11-21T00:00:00.000Z,1039.0,975.0,1.54,1.62
75756,Brownsboro,Henderson,TX,2025-11-21T00:00:00.000Z,1750.0,1600.0,0.98,1.0
75757,Bullard,Smith,TX,2025-11-21T00:00:00.000Z,1834.0,1625.0,1.24,1.24
75758,Chandler,Henderson,TX,2025-11-21T00:00:00.000Z,1438.0,1395.0,1.02,1.0
75759,Cuney,Cherokee,TX,,,,,
75760,Cushing,Nacogdoches,TX,2022-05-18T00:00:02.329Z,815.0,,,
75762,Flint,Smith,TX,2025-11-21T00:00:00.000Z,1775.0,1625.0,1.18,1.15
75763,Frankston,Anderson,TX,2025-11-21T00:00:00.000Z,1314.0,800.0,1.11,0.97
75764,Gallatin,Cherokee,TX,,,,,
75765,Hawkins,Wood,TX,2025-11-21T00:00:00.000Z,1410.0,1495.0,1.29,1.19
75766,Jacksonville,Cherokee,TX,2025-11-21T00:00:00.000Z,1014.0,1025.0,0.96,0.97
75770,Larue,Henderson,TX,2025-11-21T00:00:00.000Z,6700.0,6700.0,2.35,2.35
75771,Lindale,Smith,TX,2025-11-21T00:00:00.000Z,1599.0,1400.0,1.28,1.24
75773,Mineola,Wood,TX,2025-11-21T00:00:00.000Z,1507.0,1395.0,1.3,1.27
75778,Murchison,Henderson,TX,2025-11-21T00:00:00.000Z,1500.0,1600.0,1.04,1.0
75779,Neches,Anderson,TX,,,,,
75780,New Summerfield,Cherokee,TX,2023-10-18T00:00:00.000Z,1300.0,,,
75782,Poynor,Henderson,TX,,,,,
75783,Quitman,Wood,TX,2025-11-21T00:00:00.000Z,1881.0,2000.0,1.26,1.33
75784,Reklaw,Cherokee,TX,,,,,
75785,Rusk,Cherokee,TX,2025-11-21T00:00:00.000Z,762.0,656.0,1.06,0.83
75789,Troup,Smith,TX,2025-11-21T00:00:00.000Z,1600.0,1500.0,1.22,1.1
75790,Van,Van Zandt,TX,2025-11-21T00:00:00.000Z,1347.0,1250.0,1.23,1.25
75791,Whitehouse,Smith,TX,2025-11-21T00:00:00.000Z,1695.0,1650.0,1.14,1.14
75792,Winona,Smith,TX,2025-11-21T00:00:00.000Z,1617.0,734.0,1.18,1.18
75801,Palestine,Anderson,TX,2025-11-21T00:00:00.000Z,1066.0,925.0,1.34,1.21
75802,Palestine,Anderson,TX,,,,,
75803,Palestine,Anderson,TX,2025-11-21T00:00:00.000Z,1887.0,1375.0,1.5,1.0
75831,Buffalo,Leon,TX,2025-11-21T00:00:00.000Z,1275.0,900.0,1.09,1.09
75832,Cayuga,Anderson,TX,,,,,
75833,Centerville,Leon,TX,2025-11-21T00:00:00.000Z,730.0,710.0,1.12,1.09
75834,Centralia,Trinity,TX,,,,,
75835,Crockett,Houston,TX,2025-11-21T00:00:00.000Z,1153.0,1000.0,1.04,0.96
75838,Donie,Freestone,TX,2025-06-03T00:00:00.000Z,1799.0,1799.0,,
75839,Elkhart,Anderson,TX,2025-11-21T00:00:00.000Z,1311.0,1200.0,1.08,1.04
75840,Fairfield,Freestone,TX,2025-11-21T00:00:00.000Z,933.0,799.0,1.08,1.0
75844,Grapeland,Houston,TX,2025-05-30T00:00:00.000Z,1250.0,1250.0,,
75845,Groveton,Trinity,TX,2025-11-21T00:00:00.000Z,653.0,653.0,,
75846,Jewett,Leon,TX,2025-04-10T00:00:00.000Z,1500.0,1500.0,1.15,1.15
75847,Kennard,Houston,TX,,,,,
75848,Kirvin,Freestone,TX,,,,,
75849,Latexo,Houston,TX,,,,,
75850,Leona,Leon,TX,2023-02-23T00:00:00.000Z,1095.0,,,
75851,Lovelady,Houston,TX,2025-11-21T00:00:00.000Z,900.0,900.0,1.0,1.0
75852,Midway,Madison,TX,2025-11-21T00:00:00.000Z,1240.0,800.0,0.81,0.82
75853,Montalba,Anderson,TX,2023-09-13T00:00:00.000Z,2100.0,,,
75855,Oakwood,Leon,TX,2025-11-21T00:00:00.000Z,950.0,950.0,,
75856,Pennington,Trinity,TX,2021-07-25T02:21:53.408Z,1000.0,,,
75858,Ratcliff,Houston,TX,,,,,
75859,Streetman,Freestone,TX,2025-11-21T00:00:00.000Z,2125.0,1600.0,1.05,0.87
75860,Teague,Freestone,TX,2025-11-21T00:00:00.000Z,1191.0,1500.0,0.87,0.95
75861,Tennessee Colony,Anderson,TX,,,,,
75862,Trinity,Trinity,TX,2025-11-21T00:00:00.000Z,1229.0,1000.0,1.08,1.07
75865,Woodlake,Trinity,TX,,,,,
75901,Lufkin,Angelina,TX,2025-11-21T00:00:00.000Z,1308.0,1300.0,1.28,1.22
75903,Lufkin,Angelina,TX,2021-07-25T02:21:53.408Z,762.5,,,
75904,Lufkin,Angelina,TX,2025-11-21T00:00:00.000Z,1428.0,1400.0,1.14,1.12
75925,Alto,Cherokee,TX,2025-11-21T00:00:00.000Z,658.0,658.0,,
75926,Apple Springs,Trinity,TX,2025-11-21T00:00:00.000Z,1200.0,1200.0,0.72,0.72
75928,Bon Wier,Newton,TX,,,,,
75929,Broaddus,San Augustine,TX,,,,,
75930,Bronson,Sabine,TX,2025-11-21T00:00:00.000Z,995.0,995.0,0.77,0.77
75931,Brookeland,Jasper,TX,2025-11-21T00:00:00.000Z,1750.0,1400.0,1.71,1.67
75932,Burkeville,Newton,TX,,,,,
75933,Call,Newton,TX,2025-11-21T00:00:00.000Z,1350.0,1350.0,1.02,1.02
75934,Camden,Polk,TX,,,,,
75935,Center,Shelby,TX,2025-11-21T00:00:00.000Z,650.0,550.0,0.94,0.94
75936,Chester,Tyler,TX,,,,,
75937,Chireno,Nacogdoches,TX,2025-10-05T00:00:00.000Z,700.0,700.0,0.94,0.94
75938,Colmesneil,Tyler,TX,2025-10-26T00:00:00.000Z,750.0,750.0,,
75939,Corrigan,Polk,TX,2025-09-28T00:00:00.000Z,1400.0,1400.0,0.93,0.93
75941,Diboll,Angelina,TX,2025-09-04T00:00:00.000Z,995.0,995.0,1.53,1.53
75942,Doucette,Tyler,TX,2025-01-18T00:00:00.000Z,1050.0,1050.0,0.88,0.88
75943,Douglass,Nacogdoches,TX,2025-09-22T00:00:00.000Z,1650.0,1650.0,1.27,1.27
75944,Etoile,Nacogdoches,TX,,,,,
75946,Garrison,Nacogdoches,TX,2025-11-21T00:00:00.000Z,658.0,658.0,,
75948,Hemphill,Sabine,TX,2025-11-21T00:00:00.000Z,842.0,995.0,1.11,1.11
75949,Huntington,Angelina,TX,2025-11-21T00:00:00.000Z,1150.0,900.0,1.03,0.9
75951,Jasper,Jasper,TX,2025-11-21T00:00:00.000Z,994.0,895.0,1.06,1.05
75954,Joaquin,Shelby,TX,2025-11-21T00:00:00.000Z,534.0,534.0,,
75956,Kirbyville,Jasper,TX,2025-11-21T00:00:00.000Z,876.0,750.0,1.23,1.16
75958,Martinsville,Nacogdoches,TX,,,,,
75959,Milam,Sabine,TX,2025-01-12T00:00:00.000Z,2300.0,2300.0,1.44,1.44
75960,Moscow,Polk,TX,,,,,
75961,Nacogdoches,Nacogdoches,TX,2025-11-21T00:00:00.000Z,977.0,915.0,0.94,0.88
75962,Nacogdoches,Nacogdoches,TX,,,,,
75963,Nacogdoches,Nacogdoches,TX,,,,,
75964,Nacogdoches,Nacogdoches,TX,2025-11-21T00:00:00.000Z,1191.0,1200.0,1.01,1.03
75965,Nacogdoches,Nacogdoches,TX,2025-11-21T00:00:00.000Z,1064.0,915.0,1.2,1.14
75966,Newton,Newton,TX,2025-09-18T00:00:00.000Z,1200.0,1200.0,,
75968,Pineland,Sabine,TX,,,,,
75969,Pollok,Angelina,TX,2025-11-21T00:00:00.000Z,1175.0,1175.0,1.29,1.29
75972,San Augustine,San Augustine,TX,2025-11-21T00:00:00.000Z,1764.0,628.0,2.26,2.26
75973,Shelbyville,Shelby,TX,2024-03-31T00:00:00.000Z,1400.0,,,
75974,Tenaha,Shelby,TX,2022-07-12T00:00:02.248Z,595.0,,,
75975,Timpson,Shelby,TX,2025-11-21T00:00:00.000Z,615.0,615.0,0.03,0.03
75976,Wells,Cherokee,TX,2025-09-18T00:00:00.000Z,1296.0,1296.0,1.36,1.36
75977,Wiergate,Newton,TX,,,,,
75978,Woden,Nacogdoches,TX,,,,,
75979,Woodville,Tyler,TX,2025-11-21T00:00:00.000Z,1476.0,1400.0,1.19,1.14
75980,Zavalla,Angelina,TX,2025-10-09T00:00:00.000Z,446.0,450.0,,
76001,Arlington,Tarrant,TX,2025-11-21T00:00:00.000Z,2239.0,2199.0,1.31,1.29
76002,Arlington,Tarrant,TX,2025-11-21T00:00:00.000Z,2262.0,2300.0,1.41,1.39
76005,Arlington,Tarrant,TX,2025-11-21T00:00:00.000Z,3339.0,3200.0,1.63,1.59
76006,Arlington,Tarrant,TX,2025-11-21T00:00:00.000Z,1346.0,1207.0,1.74,1.63
76008,Aledo,Parker,TX,2025-11-21T00:00:00.000Z,3106.0,3100.0,1.41,1.38
76009,Alvarado,Johnson,TX,2025-11-21T00:00:00.000Z,2022.0,1840.0,1.34,1.37
76010,Arlington,Tarrant,TX,2025-11-21T00:00:00.000Z,1396.0,1274.0,1.74,1.68
76011,Arlington,Tarrant,TX,2025-11-21T00:00:00.000Z,1380.0,1324.0,1.6,1.57
76012,Arlington,Tarrant,TX,2025-11-21T00:00:00.000Z,1629.0,1500.0,1.38,1.35
76013,Arlington,Tarrant,TX,2025-11-21T00:00:00.000Z,1427.0,1295.0,1.44,1.45
76014,Arlington,Tarrant,TX,2025-11-21T00:00:00.000Z,1616.0,1600.0,1.69,1.68
76015,Arlington,Tarrant,TX,2025-11-21T00:00:00.000Z,1484.0,1445.0,1.64,1.6
76016,Arlington,Tarrant,TX,2025-11-21T00:00:00.000Z,1852.0,1715.0,1.48,1.53
76017,Arlington,Tarrant,TX,2025-11-21T00:00:00.000Z,1677.0,1546.0,1.57,1.55
76018,Arlington,Tarrant,TX,2025-11-21T00:00:00.000Z,1972.0,1999.0,1.56,1.55
76020,Azle,Tarrant,TX,2025-11-21T00:00:00.000Z,1821.0,1695.0,1.4,1.33
76021,Bedford,Tarrant,TX,2025-11-21T00:00:00.000Z,1477.0,1395.0,1.69,1.65
76022,Bedford,Tarrant,TX,2025-11-21T00:00:00.000Z,1541.0,1458.0,1.64,1.63
76023,Boyd,Wise,TX,2025-11-21T00:00:00.000Z,1825.0,1650.0,1.44,1.34
76028,Burleson,Johnson,TX,2025-11-21T00:00:00.000Z,2022.0,1945.0,1.33,1.27
76031,Cleburne,Johnson,TX,2025-11-21T00:00:00.000Z,1629.0,1525.0,1.34,1.29
76033,Cleburne,Johnson,TX,2025-11-21T00:00:00.000Z,1528.0,1400.0,1.28,1.25
76034,Colleyville,Tarrant,TX,2025-11-21T00:00:00.000Z,4428.0,3900.0,1.51,1.45
76035,Cresson,Hood,TX,2025-11-21T00:00:00.000Z,2047.0,2190.0,1.34,1.34
76036,Crowley,Tarrant,TX,2025-11-21T00:00:00.000Z,1968.0,1999.0,1.25,1.22
76039,Euless,Tarrant,TX,2025-11-21T00:00:00.000Z,1759.0,1657.0,1.77,1.76
76040,Euless,Tarrant,TX,2025-11-21T00:00:00.000Z,1555.0,1340.0,1.46,1.45
76041,Forreston,Ellis,TX,2025-03-28T00:00:00.000Z,2395.0,2395.0,0.87,0.87
76043,Glen Rose,Somervell,TX,2025-11-21T00:00:00.000Z,1808.0,1700.0,1.44,1.26
76044,Godley,Johnson,TX,2025-11-21T00:00:00.000Z,2272.0,2100.0,1.26,1.23
76048,Granbury,Hood,TX,2025-11-21T00:00:00.000Z,1873.0,1850.0,1.37,1.33
76049,Granbury,Hood,TX,2025-11-21T00:00:00.000Z,2076.0,1850.0,1.26,1.17
76050,Grandview,Johnson,TX,2025-11-21T00:00:00.000Z,1891.0,1950.0,1.23,1.32
76051,Grapevine,Tarrant,TX,2025-11-21T00:00:00.000Z,2045.0,1764.0,1.93,1.95
76052,Haslet,Tarrant,TX,2025-11-21T00:00:00.000Z,2259.0,2175.0,1.21,1.19
76053,Hurst,Tarrant,TX,2025-11-21T00:00:00.000Z,1572.0,1457.0,1.44,1.38
76054,Hurst,Tarrant,TX,2025-11-21T00:00:00.000Z,2699.0,2650.0,1.32,1.29
76055,Itasca,Hill,TX,2025-11-21T00:00:00.000Z,1670.0,1650.0,1.34,1.43
76058,Joshua,Johnson,TX,2025-11-21T00:00:00.000Z,1628.0,1598.0,1.3,1.41
76059,Keene,Johnson,TX,2025-11-21T00:00:00.000Z,1383.0,1250.0,1.21,1.15
76060,Kennedale,Tarrant,TX,2025-11-21T00:00:00.000Z,1772.0,1600.0,1.7,1.67
76061,Lillian,Johnson,TX,,,,,
76063,Mansfield,Tarrant,TX,2025-11-21T00:00:00.000Z,2120.0,1950.0,1.56,1.59
76064,Maypearl,Ellis,TX,2025-11-21T00:00:00.000Z,2725.0,2000.0,1.47,1.41
76065,Midlothian,Ellis,TX,2025-11-21T00:00:00.000Z,2184.0,2049.0,1.5,1.43
76066,Millsap,Parker,TX,2025-11-21T00:00:00.000Z,1798.0,1650.0,2.07,2.07
76067,Mineral Wells,Palo Pinto,TX,2025-11-21T00:00:00.000Z,1444.0,1345.0,1.36,1.3
76068,Mineral Wells,Palo Pinto,TX,,,,,
76070,Nemo,Somervell,TX,2025-06-10T00:00:00.000Z,2200.0,2200.0,1.47,1.47
76071,Newark,Wise,TX,2025-11-21T00:00:00.000Z,1829.0,1795.0,1.14,1.09
76073,Paradise,Wise,TX,2025-11-21T00:00:00.000Z,1650.0,1650.0,,
76077,Rainbow,Somervell,TX,2025-10-19T00:00:00.000Z,1350.0,1350.0,1.04,1.04
76078,Rhome,Wise,TX,2025-11-21T00:00:00.000Z,1993.0,1950.0,1.14,1.1
76082,Springtown,Parker,TX,2025-11-21T00:00:00.000Z,1755.0,1650.0,1.33,1.3
76084,Venus,Johnson,TX,2025-11-21T00:00:00.000Z,2128.0,2050.0,1.31,1.36
76085,Weatherford,Parker,TX,2025-11-21T00:00:00.000Z,1840.0,1300.0,1.41,1.35
76086,Weatherford,Parker,TX,2025-11-21T00:00:00.000Z,1722.0,1575.0,1.47,1.39
76087,Weatherford,Parker,TX,2025-11-21T00:00:00.000Z,2279.0,2375.0,1.34,1.31
76088,Weatherford,Parker,TX,2025-11-21T00:00:00.000Z,1957.0,1600.0,1.34,1.39
76092,Southlake,Tarrant,TX,2025-11-21T00:00:00.000Z,5880.0,5950.0,1.85,1.74
76093,Rio Vista,Johnson,TX,2025-11-21T00:00:00.000Z,1579.0,1600.0,1.31,1.29
76101,Fort Worth,Tarrant,TX,2024-05-22T00:00:00.000Z,1895.0,,,
76105,Fort Worth,Tarrant,TX,2025-11-21T00:00:00.000Z,1439.0,1425.0,1.37,1.41
76106,Fort Worth,Tarrant,TX,2025-11-21T00:00:00.000Z,1575.0,1450.0,1.68,1.66
76107,Fort Worth,Tarrant,TX,2025-11-21T00:00:00.000Z,1942.0,1700.0,1.78,1.69
76108,Fort Worth,Tarrant,TX,2025-11-21T00:00:00.000Z,1815.0,1845.0,1.38,1.33
76109,Fort Worth,Tarrant,TX,2025-11-21T00:00:00.000Z,2802.0,2000.0,2.06,1.9
76110,Fort Worth,Tarrant,TX,2025-11-21T00:00:00.000Z,3697.0,2875.0,2.0,1.87
76111,Fort Worth,Tarrant,TX,2025-11-21T00:00:00.000Z,1826.0,1800.0,1.69,1.67
76112,Fort Worth,Tarrant,TX,2025-11-21T00:00:00.000Z,1261.0,1150.0,1.37,1.35
76113,Fort Worth,Tarrant,TX,2025-09-05T00:00:00.000Z,1550.0,1550.0,1.4,1.4
76114,Fort Worth,Tarrant,TX,2025-11-21T00:00:00.000Z,1773.0,1625.0,1.73,1.7
76115,Fort Worth,Tarrant,TX,2025-11-21T00:00:00.000Z,1498.0,1500.0,1.45,1.42
76116,Fort Worth,Tarrant,TX,2025-11-21T00:00:00.000Z,1525.0,1466.0,1.45,1.39
76117,Haltom City,Tarrant,TX,2025-11-21T00:00:00.000Z,1514.0,1381.0,1.83,1.46
76118,Fort Worth,Tarrant,TX,2025-11-21T00:00:00.000Z,2002.0,2100.0,1.46,1.48
76119,Fort Worth,Tarrant,TX,2025-11-21T00:00:00.000Z,1754.0,1795.0,1.3,1.31
76120,Fort Worth,Tarrant,TX,2025-11-21T00:00:00.000Z,1852.0,1795.0,1.34,1.35
76123,Fort Worth,Tarrant,TX,2025-11-21T00:00:00.000Z,1992.0,1935.0,1.41,1.27
76126,Fort Worth,Tarrant,TX,2025-11-21T00:00:00.000Z,1837.0,1700.0,1.55,1.57
76131,Fort Worth,Tarrant,TX,2025-11-21T00:00:00.000Z,2209.0,2150.0,1.29,1.23
76132,Fort Worth,Tarrant,TX,2025-11-21T00:00:00.000Z,1331.0,1250.0,1.54,1.5
76133,Fort Worth,Tarrant,TX,2025-11-21T00:00:00.000Z,1580.0,1550.0,1.32,1.3
76134,Fort Worth,Tarrant,TX,2025-11-21T00:00:00.000Z,1436.0,1250.0,1.29,1.3
76135,Fort Worth,Tarrant,TX,2025-11-21T00:00:00.000Z,1818.0,1595.0,1.28,1.16
76136,Fort Worth,Tarrant,TX,,,,,
76137,Fort Worth,Tarrant,TX,2025-11-21T00:00:00.000Z,1797.0,1678.0,1.55,1.49
76140,Fort Worth,Tarrant,TX,2025-11-21T00:00:00.000Z,1828.0,1790.0,1.38,1.32
76148,Fort Worth,Tarrant,TX,2025-11-21T00:00:00.000Z,1967.0,1940.0,1.4,1.41
76155,Fort Worth,Tarrant,TX,2025-11-21T00:00:00.000Z,1525.0,1467.0,1.79,1.8
76162,Fort Worth,Tarrant,TX,2022-04-19T00:00:06.710Z,1035.42,,,
76164,Fort Worth,Tarrant,TX,2025-11-21T00:00:00.000Z,1495.0,1518.0,1.63,1.66
76177,Fort Worth,Tarrant,TX,2025-11-21T00:00:00.000Z,1713.0,1640.0,1.7,1.72
76179,Fort Worth,Tarrant,TX,2025-11-21T00:00:00.000Z,1981.0,1945.0,1.38,1.33
76180,North Richland Hills,Tarrant,TX,2025-11-21T00:00:00.000Z,1586.0,1349.0,1.55,1.45
76182,North Richland Hills,Tarrant,TX,2025-11-21T00:00:00.000Z,2342.0,2000.0,1.45,1.41
76197,Fort Worth,Tarrant,TX,2025-09-11T00:00:00.000Z,2550.0,2550.0,1.22,1.22
76201,Denton,Denton,TX,2025-11-21T00:00:00.000Z,1347.0,1250.0,1.71,1.73
76205,Denton,Denton,TX,2025-11-21T00:00:00.000Z,1377.0,1250.0,1.52,1.47
76206,Denton,Denton,TX,2024-06-01T00:00:00.000Z,2550.0,,,
76207,Denton,Denton,TX,2025-11-21T00:00:00.000Z,1854.0,1850.0,1.53,1.43
76208,Denton,Denton,TX,2025-11-21T00:00:00.000Z,1704.0,1650.0,1.55,1.53
76209,Denton,Denton,TX,2025-11-21T00:00:00.000Z,1638.0,1650.0,1.44,1.45
76210,Denton,Denton,TX,2025-11-21T00:00:00.000Z,2148.0,2100.0,1.42,1.33
76225,Alvord,Wise,TX,2025-11-21T00:00:00.000Z,1736.0,1700.0,1.35,1.42
76226,Argyle,Denton,TX,2025-11-21T00:00:00.000Z,3025.0,2800.0,1.29,1.25
76227,Aubrey,Denton,TX,2025-11-21T00:00:00.000Z,1988.0,1950.0,1.34,1.31
76228,Bellevue,Clay,TX,2025-11-21T00:00:00.000Z,1950.0,1950.0,1.85,1.85
76230,Bowie,Montague,TX,2025-11-21T00:00:00.000Z,1324.0,1200.0,1.3,1.19
76233,Collinsville,Grayson,TX,2025-11-21T00:00:00.000Z,2181.0,1500.0,1.11,1.11
76234,Decatur,Wise,TX,2025-11-21T00:00:00.000Z,1678.0,1650.0,1.62,1.51
76238,Era,Cooke,TX,,,,,
76239,Forestburg,Montague,TX,2024-05-31T00:00:00.000Z,2100.0,,,
76240,Gainesville,Cooke,TX,2025-11-21T00:00:00.000Z,1815.0,1500.0,1.35,1.38
76244,Keller,Tarrant,TX,2025-11-21T00:00:00.000Z,2136.0,2109.0,1.36,1.29
76245,Gordonville,Grayson,TX,2025-11-21T00:00:00.000Z,1919.0,1600.0,1.5,1.55
76246,Greenwood,Wise,TX,2022-01-15T00:00:02.095Z,675.0,,,
76247,Justin,Denton,TX,2025-11-21T00:00:00.000Z,2416.0,2400.0,1.21,1.19
76248,Keller,Tarrant,TX,2025-11-21T00:00:00.000Z,2578.0,2100.0,1.62,1.55
76249,Krum,Denton,TX,2025-11-21T00:00:00.000Z,1823.0,1850.0,1.34,1.28
76250,Lindsay,Cooke,TX,2025-10-06T00:00:00.000Z,2200.0,2200.0,1.38,1.38
76251,Montague,Montague,TX,,,,,
76252,Muenster,Cooke,TX,2025-11-21T00:00:00.000Z,2050.0,1800.0,1.17,1.08
76253,Myra,Cooke,TX,,,,,
76255,Nocona,Montague,TX,2025-11-21T00:00:00.000Z,1000.0,800.0,1.11,0.94
76258,Pilot Point,Denton,TX,2025-11-21T00:00:00.000Z,2369.0,2100.0,1.23,1.2
76259,Ponder,Denton,TX,2025-11-21T00:00:00.000Z,2440.0,2205.0,1.43,1.29
76261,Ringgold,Montague,TX,,,,,
76262,Roanoke,Denton,TX,2025-11-21T00:00:00.000Z,2162.0,1799.0,1.68,1.66
76263,Rosston,Cooke,TX,,,,,
76264,Sadler,Grayson,TX,2025-11-21T00:00:00.000Z,1608.0,1600.0,1.23,1.17
76265,Saint Jo,Montague,TX,2025-08-30T00:00:00.000Z,1325.0,1325.0,0.86,0.86
76266,Sanger,Denton,TX,2025-11-21T00:00:00.000Z,2059.0,1950.0,1.21,1.23
76268,Southmayd,Grayson,TX,2025-11-14T00:00:00.000Z,1995.0,1995.0,1.08,1.08
76270,Sunset,Montague,TX,2025-11-21T00:00:00.000Z,2800.0,2800.0,1.77,1.77
76271,Tioga,Grayson,TX,2025-11-21T00:00:00.000Z,6000.0,6000.0,1.8,1.8
76272,Valley View,Cooke,TX,2025-11-21T00:00:00.000Z,2075.0,1950.0,1.15,1.11
76273,Whitesboro,Grayson,TX,2025-11-21T00:00:00.000Z,1803.0,1700.0,1.38,1.38
76301,Wichita Falls,Wichita,TX,2025-11-21T00:00:00.000Z,916.0,895.0,0.99,0.96
76302,Wichita Falls,Wichita,TX,2025-11-21T00:00:00.000Z,1410.0,1350.0,1.15,1.09
76305,Wichita Falls,Wichita,TX,2025-11-21T00:00:00.000Z,1275.0,1200.0,0.79,0.78
76306,Wichita Falls,Wichita,TX,2025-11-21T00:00:00.000Z,1261.0,1100.0,1.07,1.05
76308,Wichita Falls,Wichita,TX,2025-11-21T00:00:00.000Z,1602.0,1400.0,1.14,1.12
76309,Wichita Falls,Wichita,TX,2025-11-21T00:00:00.000Z,1001.0,800.0,1.0,1.0
76310,Wichita Falls,Wichita,TX,2025-11-21T00:00:00.000Z,1937.0,1835.0,1.27,1.25
76351,Archer City,Archer,TX,2025-09-06T00:00:00.000Z,650.0,650.0,0.87,0.87
76354,Burkburnett,Wichita,TX,2025-11-21T00:00:00.000Z,1232.0,1000.0,0.97,0.96
76357,Byers,Clay,TX,2022-08-24T00:00:02.164Z,800.0,,,
76360,Electra,Wichita,TX,2025-11-21T00:00:00.000Z,915.0,650.0,0.69,0.64
76363,Goree,Knox,TX,,,,,
76364,Harrold,Wilbarger,TX,,,,,
76365,Henrietta,Clay,TX,2025-11-21T00:00:00.000Z,1425.0,1375.0,1.07,1.04
76366,Holliday,Archer,TX,2025-11-21T00:00:00.000Z,1375.0,1275.0,1.13,1.22
76367,Iowa Park,Wichita,TX,2025-11-21T00:00:00.000Z,1276.0,1200.0,1.14,1.13
76369,Kamay,Wichita,TX,2021-07-25T02:21:53.408Z,800.0,,,
76370,Megargel,Archer,TX,,,,,
76371,Munday,Knox,TX,,,,,
76372,Newcastle,Young,TX,,,,,
76373,Oklaunion,Wilbarger,TX,2025-11-21T00:00:00.000Z,1200.0,1200.0,0.85,0.85
76374,Olney,Young,TX,2025-11-21T00:00:00.000Z,2200.0,2200.0,1.34,1.34
76377,Petrolia,Clay,TX,2025-07-12T00:00:00.000Z,599.0,599.0,0.54,0.54
76379,Scotland,Archer,TX,,,,,
76380,Seymour,Baylor,TX,2025-07-12T00:00:00.000Z,1000.0,1000.0,0.78,0.78
76384,Vernon,Wilbarger,TX,2025-11-21T00:00:00.000Z,1600.0,750.0,0.99,1.0
76388,Weinert,Haskell,TX,2024-06-29T00:00:00.000Z,1850.0,,,
76389,Windthorst,Archer,TX,,,,,
76401,Stephenville,Erath,TX,2025-11-21T00:00:00.000Z,1374.0,1200.0,1.28,1.3
76424,Breckenridge,Stephens,TX,2025-11-21T00:00:00.000Z,1849.0,950.0,1.34,1.24
76426,Bridgeport,Wise,TX,2025-11-21T00:00:00.000Z,1707.0,1600.0,1.26,1.22
76427,Bryson,Jack,TX,,,,,
76429,Caddo,Stephens,TX,,,,,
76430,Albany,Shackelford,TX,2025-11-21T00:00:00.000Z,667.0,667.0,0.5,0.5
76431,Chico,Wise,TX,2025-11-21T00:00:00.000Z,1533.0,1600.0,1.55,0.81
76432,Blanket,Brown,TX,2025-11-21T00:00:00.000Z,2000.0,2000.0,1.67,1.67
76433,Bluff Dale,Erath,TX,2025-09-18T00:00:00.000Z,1550.0,1550.0,0.97,0.97
76435,Carbon,Eastland,TX,,,,,
76436,Carlton,Hamilton,TX,,,,,
76437,Cisco,Eastland,TX,2025-11-21T00:00:00.000Z,889.0,632.0,0.76,0.47
76439,Dennis,Parker,TX,,,,,
76442,Comanche,Comanche,TX,2025-11-21T00:00:00.000Z,1361.0,1200.0,1.17,1.04
76443,Cross Plains,Callahan,TX,2025-09-29T00:00:00.000Z,800.0,800.0,,
76444,De Leon,Comanche,TX,2025-10-03T00:00:00.000Z,1500.0,1500.0,1.24,1.24
76445,Desdemona,Eastland,TX,,,,,
76446,Dublin,Erath,TX,2025-11-21T00:00:00.000Z,3500.0,3500.0,1.33,1.33
76448,Eastland,Eastland,TX,2025-11-21T00:00:00.000Z,923.0,750.0,0.78,0.83
76449,Graford,Palo Pinto,TX,2025-11-21T00:00:00.000Z,3500.0,3500.0,1.4,1.4
76450,Graham,Young,TX,2025-11-21T00:00:00.000Z,1077.0,1100.0,1.04,0.97
76452,Energy,Comanche,TX,,,,,
76453,Gordon,Palo Pinto,TX,2025-11-21T00:00:00.000Z,2125.0,1250.0,1.39,1.39
76454,Gorman,Eastland,TX,2025-07-18T00:00:00.000Z,1050.0,1050.0,0.81,0.81
76455,Gustine,Comanche,TX,,,,,
76457,Hico,Hamilton,TX,2025-11-21T00:00:00.000Z,2450.0,2200.0,1.03,1.03
76458,Jacksboro,Jack,TX,2025-11-21T00:00:00.000Z,1910.0,1700.0,1.21,1.1
76459,Jermyn,Jack,TX,2020-05-15T12:00:04.565Z,750.0,,,
76460,Loving,Young,TX,,,,,
76462,Lipan,Hood,TX,2025-11-21T00:00:00.000Z,3225.0,2250.0,1.1,1.06
76463,Mingus,Palo Pinto,TX,2025-11-21T00:00:00.000Z,795.0,795.0,,
76464,Moran,Shackelford,TX,2025-11-21T00:00:00.000Z,695.0,595.0,1.0,1.0
76466,Olden,Eastland,TX,,,,,
76467,Paluxy,Hood,TX,,,,,
76468,Proctor,Comanche,TX,,,,,
76469,Putnam,Callahan,TX,,,,,
76470,Ranger,Eastland,TX,2025-11-21T00:00:00.000Z,650.0,650.0,0.39,0.39
76471,Rising Star,Eastland,TX,2025-11-21T00:00:00.000Z,1000.0,1000.0,0.62,0.62
76472,Santo,Palo Pinto,TX,2025-11-21T00:00:00.000Z,2250.0,2250.0,0.8,0.8
76474,Sidney,Comanche,TX,,,,,
76475,Strawn,Palo Pinto,TX,2025-03-27T00:00:00.000Z,3500.0,3500.0,2.27,2.27
76476,Tolar,Hood,TX,2025-11-21T00:00:00.000Z,1914.0,1900.0,1.24,1.22
76481,South Bend,Young,TX,2021-03-18T12:00:07.157Z,1500.0,,,
76483,Throckmorton,Throckmorton,TX,2024-03-16T00:00:00.000Z,995.0,,,
76484,Palo Pinto,Palo Pinto,TX,2025-11-21T00:00:00.000Z,1200.0,1200.0,0.95,0.95
76485,Peaster,Parker,TX,,,,,
76486,Perrin,Jack,TX,2024-05-12T00:00:00.000Z,2100.0,,,
76487,Poolville,Parker,TX,2025-11-21T00:00:00.000Z,2133.0,2000.0,1.44,1.45
76490,Whitt,Parker,TX,2024-07-08T00:00:00.000Z,1400.0,,,
76491,Woodson,Throckmorton,TX,,,,,
76501,Temple,Bell,TX,2025-11-21T00:00:00.000Z,1383.0,1350.0,1.12,1.05
76502,Temple,Bell,TX,2025-11-21T00:00:00.000Z,1717.0,1745.0,1.19,1.13
76503,Temple,Bell,TX,2024-09-01T00:00:00.000Z,1395.0,1395.0,1.12,1.12
76504,Temple,Bell,TX,2025-11-21T00:00:00.000Z,1340.0,1300.0,1.23,1.18
76511,Bartlett,Bell,TX,2025-11-21T00:00:00.000Z,1451.0,1195.0,1.1,0.95
76513,Belton,Bell,TX,2025-11-21T00:00:00.000Z,1619.0,1495.0,1.19,1.12
76518,Buckholts,Milam,TX,2025-11-21T00:00:00.000Z,759.0,850.0,0.37,0.45
76519,Burlington,Milam,TX,2025-07-21T00:00:00.000Z,1600.0,1600.0,1.19,1.19
76520,Cameron,Milam,TX,2025-11-21T00:00:00.000Z,1197.0,1200.0,1.16,1.15
76522,Copperas Cove,Coryell,TX,2025-11-21T00:00:00.000Z,1241.0,1295.0,1.01,1.03
76524,Eddy,Mclennan,TX,2025-11-21T00:00:00.000Z,1420.0,1495.0,1.24,1.24
76525,Evant,Coryell,TX,2025-11-21T00:00:00.000Z,743.0,743.0,,
76527,Florence,Williamson,TX,2025-11-21T00:00:00.000Z,1631.0,1550.0,1.14,1.22
76528,Gatesville,Coryell,TX,2025-11-21T00:00:00.000Z,1145.0,1150.0,1.17,1.0
76530,Granger,Williamson,TX,2025-11-21T00:00:00.000Z,1585.0,1500.0,1.26,1.31
76531,Hamilton,Hamilton,TX,2025-11-21T00:00:00.000Z,917.0,675.0,1.04,1.04
76533,Heidenheimer,Bell,TX,2020-08-16T00:00:05.914Z,650.0,,,
76534,Holland,Bell,TX,2025-11-21T00:00:00.000Z,1548.0,1545.0,1.08,0.92
76537,Jarrell,Williamson,TX,2025-11-21T00:00:00.000Z,1751.0,1700.0,1.06,1.05
76538,Jonesboro,Coryell,TX,2025-11-21T00:00:00.000Z,800.0,800.0,1.23,1.23
76539,Kempner,Lampasas,TX,2025-11-21T00:00:00.000Z,1584.0,1445.0,0.99,0.94
76541,Killeen,Bell,TX,2025-11-21T00:00:00.000Z,843.0,750.0,0.99,0.99
76542,Killeen,Bell,TX,2025-11-21T00:00:00.000Z,1545.0,1595.0,0.94,0.95
76543,Killeen,Bell,TX,2025-11-21T00:00:00.000Z,1070.0,995.0,0.93,0.94
76544,Fort Hood,Bell,TX,2025-11-21T00:00:00.000Z,1199.0,1199.0,1.25,1.25
76548,Harker Heights,Bell,TX,2025-11-21T00:00:00.000Z,1521.0,1500.0,0.96,0.95
76549,Killeen,Bell,TX,2025-11-21T00:00:00.000Z,1343.0,1325.0,0.94,0.95
76550,Lampasas,Lampasas,TX,2025-11-21T00:00:00.000Z,1393.0,1450.0,1.14,1.13
76554,Little River Academy,Bell,TX,2025-11-21T00:00:00.000Z,1415.0,1345.0,1.12,1.12
76556,Milano,Milam,TX,2025-05-30T00:00:00.000Z,1795.0,1795.0,1.01,1.01
76557,Moody,Mclennan,TX,2025-11-21T00:00:00.000Z,1301.0,1295.0,1.2,1.25
76558,Mound,Coryell,TX,,,,,
76559,Nolanville,Bell,TX,2025-11-21T00:00:00.000Z,1692.0,1700.0,1.0,1.01
76561,Oglesby,Coryell,TX,,,,,
76565,Pottsville,Hamilton,TX,,,,,
76566,Purmela,Coryell,TX,,,,,
76567,Rockdale,Milam,TX,2025-11-21T00:00:00.000Z,1558.0,1595.0,1.15,1.18
76569,Rogers,Bell,TX,2025-10-07T00:00:00.000Z,1745.0,1745.0,1.05,1.05
76570,Rosebud,Falls,TX,2025-11-21T00:00:00.000Z,622.0,622.0,1.04,1.04
76571,Salado,Bell,TX,2025-11-21T00:00:00.000Z,1998.0,1900.0,1.32,1.25
76574,Taylor,Williamson,TX,2025-11-21T00:00:00.000Z,1686.0,1650.0,1.24,1.28
76577,Thorndale,Milam,TX,2025-11-21T00:00:00.000Z,2041.0,1700.0,1.12,1.03
76578,Thrall,Williamson,TX,2025-11-03T00:00:00.000Z,1800.0,1800.0,1.3,1.3
76579,Troy,Bell,TX,2025-11-21T00:00:00.000Z,1665.0,1495.0,1.25,1.12
76597,Gatesville,Coryell,TX,2025-06-22T00:00:00.000Z,1800.0,1800.0,0.7,0.7
76621,Abbott,Hill,TX,,,,,
76622,Aquilla,Hill,TX,2025-11-21T00:00:00.000Z,1500.0,1500.0,1.15,1.15
76623,Avalon,Ellis,TX,,,,,
76624,Axtell,Mclennan,TX,2025-11-21T00:00:00.000Z,2500.0,2500.0,2.14,2.14
76626,Blooming Grove,Navarro,TX,2025-11-21T00:00:00.000Z,2100.0,2100.0,1.24,1.24
76627,Blum,Hill,TX,2025-06-23T00:00:00.000Z,1395.0,1395.0,1.15,1.15
76628,Brandon,Hill,TX,,,,,
76629,Bremond,Robertson,TX,2025-11-21T00:00:00.000Z,1095.0,995.0,,
76630,Bruceville,Mclennan,TX,2025-11-21T00:00:00.000Z,1039.0,995.0,0.92,0.92
76631,Bynum,Hill,TX,2025-11-21T00:00:00.000Z,1300.0,1300.0,1.81,1.81
76632,Chilton,Falls,TX,,,,,
76633,China Spring,Mclennan,TX,2025-11-21T00:00:00.000Z,1515.0,1650.0,1.02,1.2
76634,Clifton,Bosque,TX,2025-11-21T00:00:00.000Z,1199.0,1195.0,1.6,1.42
76635,Coolidge,Limestone,TX,2025-11-21T00:00:00.000Z,600.0,600.0,0.91,0.91
76636,Covington,Hill,TX,2025-11-21T00:00:00.000Z,2025.0,1550.0,1.11,0.92
76637,Cranfills Gap,Bosque,TX,,,,,
76638,Crawford,Mclennan,TX,2025-11-21T00:00:00.000Z,1500.0,800.0,1.42,0.75
76639,Dawson,Navarro,TX,2024-09-21T00:00:00.000Z,1600.0,1600.0,1.28,1.28
76640,Elm Mott,Mclennan,TX,2025-11-21T00:00:00.000Z,1269.0,1300.0,1.24,1.2
76641,Frost,Navarro,TX,2025-05-15T00:00:00.000Z,1500.0,1500.0,0.96,0.96
76642,Groesbeck,Limestone,TX,2025-11-21T00:00:00.000Z,861.0,600.0,0.95,0.88
76643,Hewitt,Mclennan,TX,2025-11-21T00:00:00.000Z,1681.0,1695.0,1.26,1.19
76645,Hillsboro,Hill,TX,2025-11-21T00:00:00.000Z,1313.0,1129.0,1.28,1.26
76648,Hubbard,Hill,TX,2025-11-21T00:00:00.000Z,1800.0,1800.0,1.08,1.08
76649,Iredell,Bosque,TX,,,,,
76651,Italy,Ellis,TX,2025-11-21T00:00:00.000Z,1842.0,1650.0,1.34,1.28
76652,Kopperl,Bosque,TX,2023-10-30T00:00:00.000Z,1900.0,,,
76653,Kosse,Limestone,TX,2025-06-24T00:00:00.000Z,1500.0,1500.0,1.23,1.23
76654,Leroy,Mclennan,TX,2025-02-10T00:00:00.000Z,1150.0,1150.0,1.3,1.3
76655,Lorena,Mclennan,TX,2025-11-21T00:00:00.000Z,2056.0,2200.0,1.22,1.32
76656,Lott,Falls,TX,2025-10-13T00:00:00.000Z,850.0,850.0,0.97,0.97
76657,Mcgregor,Mclennan,TX,2025-11-21T00:00:00.000Z,1703.0,1475.0,1.27,1.28
76660,Malone,Hill,TX,,,,,
76661,Marlin,Falls,TX,2025-11-21T00:00:00.000Z,849.0,850.0,0.88,0.94
76664,Mart,Mclennan,TX,2025-11-21T00:00:00.000Z,1490.0,1850.0,1.17,1.47
76665,Meridian,Bosque,TX,2025-11-21T00:00:00.000Z,1348.0,895.0,0.78,0.78
76666,Mertens,Hill,TX,,,,,
76667,Mexia,Limestone,TX,2025-11-21T00:00:00.000Z,984.0,800.0,1.15,1.05
76670,Milford,Ellis,TX,2025-11-21T00:00:00.000Z,1400.0,1400.0,,
76671,Morgan,Bosque,TX,2025-11-21T00:00:00.000Z,950.0,950.0,0.75,0.75
76673,Mount Calm,Hill,TX,2025-06-14T00:00:00.000Z,1450.0,1450.0,,
76676,Penelope,Hill,TX,,,,,
76678,Prairie Hill,Limestone,TX,,,,,
76679,Purdon,Navarro,TX,2025-11-21T00:00:00.000Z,1700.0,900.0,1.49,1.18
76680,Reagan,Falls,TX,2024-01-06T00:00:00.000Z,2000.0,,,
76681,Richland,Navarro,TX,2025-11-21T00:00:00.000Z,1050.0,1050.0,1.4,1.4
76682,Riesel,Mclennan,TX,2025-11-21T00:00:00.000Z,1788.0,1375.0,1.45,1.45
76685,Satin,Falls,TX,,,,,
76686,Tehuacana,Limestone,TX,,,,,
76687,Thornton,Limestone,TX,,,,,
76689,Valley Mills,Bosque,TX,2025-11-21T00:00:00.000Z,1173.0,1150.0,1.52,1.52
76690,Walnut Springs,Bosque,TX,2025-11-21T00:00:00.000Z,1050.0,950.0,0.94,0.94
76691,West,Mclennan,TX,2025-11-21T00:00:00.000Z,1439.0,1500.0,1.34,1.42
76692,Whitney,Hill,TX,2025-11-21T00:00:00.000Z,1307.0,1225.0,1.21,1.09
76693,Wortham,Freestone,TX,2025-11-21T00:00:00.000Z,1298.0,1000.0,1.05,0.94
76701,Waco,Mclennan,TX,2025-11-21T00:00:00.000Z,1390.0,1350.0,1.57,1.43
76702,Waco,Mclennan,TX,,,,,
76704,Waco,Mclennan,TX,2025-11-21T00:00:00.000Z,1199.0,1100.0,1.31,1.2
76705,Waco,Mclennan,TX,2025-11-21T00:00:00.000Z,1474.0,1395.0,1.54,1.46
76706,Waco,Mclennan,TX,2025-11-21T00:00:00.000Z,1799.0,1550.0,1.4,1.32
76707,Waco,Mclennan,TX,2025-11-21T00:00:00.000Z,1360.0,1350.0,1.18,1.2
76708,Waco,Mclennan,TX,2025-11-21T00:00:00.000Z,1562.0,1495.0,1.26,1.17
76710,Waco,Mclennan,TX,2025-11-21T00:00:00.000Z,1308.0,1220.0,1.33,1.26
76711,Waco,Mclennan,TX,2025-11-21T00:00:00.000Z,1342.0,1295.0,1.44,1.45
76712,Woodway,Mclennan,TX,2025-11-21T00:00:00.000Z,1517.0,1300.0,1.52,1.54
76801,Brownwood,Brown,TX,2025-11-21T00:00:00.000Z,1170.0,1000.0,0.98,0.93
76802,Early,Brown,TX,2025-11-21T00:00:00.000Z,1025.0,1000.0,0.98,0.94
76804,Brownwood,Brown,TX,,,,,
76820,Art,Mason,TX,,,,,
76821,Ballinger,Runnels,TX,2025-11-21T00:00:00.000Z,595.0,595.0,0.73,0.73
76823,Bangs,Brown,TX,2025-11-21T00:00:00.000Z,1288.0,775.0,0.84,0.78
76825,Brady,Mcculloch,TX,2025-11-21T00:00:00.000Z,950.0,950.0,1.18,1.18
76827,Brookesmith,Brown,TX,2024-12-26T00:00:00.000Z,1800.0,1800.0,1.5,1.5
76828,Burkett,Coleman,TX,,,,,
76831,Castell,Llano,TX,,,,,
76832,Cherokee,San Saba,TX,2023-01-25T00:00:06.666Z,1500.0,,,
76834,Coleman,Coleman,TX,2025-11-21T00:00:00.000Z,510.0,450.0,0.69,0.54
76836,Doole,Mcculloch,TX,,,,,
76837,Eden,Concho,TX,2025-11-21T00:00:00.000Z,800.0,800.0,0.73,0.73
76841,Fort Mc Kavett,Menard,TX,,,,,
76842,Fredonia,Mason,TX,,,,,
76844,Goldthwaite,Mills,TX,2025-11-21T00:00:00.000Z,1150.0,950.0,0.84,0.77
76845,Gouldbusk,Coleman,TX,,,,,
76848,Hext,Menard,TX,,,,,
76849,Junction,Kimble,TX,2025-11-21T00:00:00.000Z,681.0,612.0,0.08,0.08
76852,Lohn,Mcculloch,TX,,,,,
76853,Lometa,Lampasas,TX,2025-11-21T00:00:00.000Z,1750.0,1750.0,1.61,1.61
76854,London,Kimble,TX,2024-10-05T00:00:00.000Z,1500.0,1500.0,1.22,1.22
76855,Lowake,Concho,TX,,,,,
76856,Mason,Mason,TX,2025-11-21T00:00:00.000Z,490.0,490.0,,
76857,May,Brown,TX,2024-05-08T00:00:00.000Z,1100.0,,,
76858,Melvin,Mcculloch,TX,,,,,
76859,Menard,Menard,TX,2025-11-21T00:00:00.000Z,606.0,590.0,0.04,0.03
76861,Miles,Runnels,TX,2024-12-10T00:00:00.000Z,1000.0,1000.0,1.16,1.16
76862,Millersview,Concho,TX,,,,,
76864,Mullin,Mills,TX,2022-04-26T00:00:07.074Z,900.0,,,
76866,Paint Rock,Concho,TX,2025-11-21T00:00:00.000Z,3000.0,3000.0,2.6,2.6
76869,Pontotoc,Mason,TX,,,,,
76870,Priddy,Mills,TX,2024-09-08T00:00:00.000Z,850.0,850.0,0.58,0.58
76871,Richland Springs,San Saba,TX,,,,,
76872,Rochelle,Mcculloch,TX,,,,,
76873,Rockwood,Coleman,TX,,,,,
76874,Roosevelt,Kimble,TX,2025-01-26T00:00:00.000Z,6000.0,6000.0,3.02,3.02
76875,Rowena,Runnels,TX,2025-08-26T00:00:00.000Z,1300.0,1300.0,1.25,1.25
76877,San Saba,San Saba,TX,2025-09-12T00:00:00.000Z,700.0,700.0,0.78,0.78
76878,Santa Anna,Coleman,TX,2024-12-26T00:00:00.000Z,1500.0,1500.0,1.07,1.07
76880,Star,Mills,TX,2025-09-30T00:00:00.000Z,1200.0,1200.0,0.8,0.8
76882,Talpa,Coleman,TX,,,,,
76884,Valera,Coleman,TX,,,,,
76885,Valley Spring,Llano,TX,2025-11-21T00:00:00.000Z,1599.0,1200.0,1.34,1.16
76886,Veribest,Tom Green,TX,,,,,
76887,Voca,Mcculloch,TX,,,,,
76888,Voss,Coleman,TX,,,,,
76890,Zephyr,Brown,TX,,,,,
76901,San Angelo,Tom Green,TX,2025-11-21T00:00:00.000Z,1419.0,1350.0,1.16,1.17
76902,San Angelo,Tom Green,TX,2022-06-15T00:00:02.050Z,1200.0,,,
76903,San Angelo,Tom Green,TX,2025-11-21T00:00:00.000Z,1296.0,1200.0,1.25,1.23
76904,San Angelo,Tom Green,TX,2025-11-21T00:00:00.000Z,1773.0,1725.0,1.22,1.17
76905,San Angelo,Tom Green,TX,2025-11-21T00:00:00.000Z,1457.0,1445.0,1.16,1.14
76909,San Angelo,Tom Green,TX,,,,,
76930,Barnhart,Irion,TX,2025-11-21T00:00:00.000Z,2000.0,2000.0,,
76932,Big Lake,Reagan,TX,2025-11-21T00:00:00.000Z,730.0,730.0,,
76933,Bronte,Coke,TX,2025-11-21T00:00:00.000Z,810.0,745.0,0.86,0.84
76934,Carlsbad,Tom Green,TX,2025-11-21T00:00:00.000Z,1100.0,1100.0,1.19,1.19
76935,Christoval,Tom Green,TX,2025-11-21T00:00:00.000Z,1150.0,1150.0,1.01,1.01
76936,Eldorado,Schleicher,TX,2025-11-21T00:00:00.000Z,512.0,512.0,,
76937,Eola,Concho,TX,,,,,
76939,Knickerbocker,Tom Green,TX,2025-10-27T00:00:00.000Z,995.0,995.0,1.13,1.13
76940,Mereta,Tom Green,TX,2020-10-10T00:00:02.774Z,1200.0,,,
76941,Mertzon,Irion,TX,2023-07-10T00:00:00.000Z,1250.0,,,
76943,Ozona,Crockett,TX,2025-11-21T00:00:00.000Z,616.0,583.0,,
76945,Robert Lee,Coke,TX,2021-05-23T00:10:27.945Z,750.0,,,
76950,Sonora,Sutton,TX,2025-11-21T00:00:00.000Z,581.0,522.0,0.04,0.04
76951,Sterling City,Sterling,TX,2025-08-18T00:00:00.000Z,945.0,945.0,0.7,0.7
76953,Tennyson,Coke,TX,,,,,
76955,Vancourt,Tom Green,TX,,,,,
76957,Wall,Tom Green,TX,2025-03-09T00:00:00.000Z,950.0,950.0,1.15,1.15
76958,Water Valley,Tom Green,TX,,,,,
77004,Houston,Harris,TX,2025-11-21T00:00:00.000Z,2305.0,2000.0,1.7,1.58
77005,Houston,Harris,TX,2025-11-21T00:00:00.000Z,2901.0,2450.0,1.87,1.77
77006,Houston,Harris,TX,2025-11-21T00:00:00.000Z,2117.0,1771.0,1.99,2.02
77007,Houston,Harris,TX,2025-11-21T00:00:00.000Z,2307.0,2005.0,2.0,1.96
77008,Houston,Harris,TX,2025-11-21T00:00:00.000Z,2599.0,2500.0,1.94,1.87
77009,Houston,Harris,TX,2025-11-21T00:00:00.000Z,2059.0,1900.0,1.83,1.82
77010,Houston,Harris,TX,2025-11-21T00:00:00.000Z,4804.0,3533.0,3.59,3.12
77011,Houston,Harris,TX,2025-11-21T00:00:00.000Z,1542.0,1325.0,1.65,1.56
77012,Houston,Harris,TX,2025-11-21T00:00:00.000Z,1292.0,1200.0,1.32,1.28
77013,Houston,Harris,TX,2025-11-21T00:00:00.000Z,2052.0,1550.0,1.38,1.16
77014,Houston,Harris,TX,2025-11-21T00:00:00.000Z,1644.0,1725.0,1.16,1.16
77015,Houston,Harris,TX,2025-11-21T00:00:00.000Z,1494.0,1386.0,1.23,1.21
77016,Houston,Harris,TX,2025-11-21T00:00:00.000Z,1661.0,1700.0,1.23,1.25
77017,Houston,Harris,TX,2025-11-21T00:00:00.000Z,1321.0,1100.0,1.3,1.23
77018,Houston,Harris,TX,2025-11-21T00:00:00.000Z,2453.0,2300.0,1.67,1.56
77019,Houston,Harris,TX,2025-11-21T00:00:00.000Z,2385.0,1998.0,2.02,2.0
77020,Houston,Harris,TX,2025-11-21T00:00:00.000Z,2115.0,2150.0,1.51,1.4
77021,Houston,Harris,TX,2025-11-21T00:00:00.000Z,2077.0,1986.0,1.32,1.33
77022,Houston,Harris,TX,2025-11-21T00:00:00.000Z,1935.0,1850.0,1.45,1.43
77023,Houston,Harris,TX,2025-11-21T00:00:00.000Z,1571.0,1350.0,1.57,1.52
77024,Houston,Harris,TX,2025-11-21T00:00:00.000Z,2691.0,2250.0,2.04,1.96
77025,Houston,Harris,TX,2025-11-21T00:00:00.000Z,1969.0,1652.0,1.63,1.55
77026,Houston,Harris,TX,2025-11-21T00:00:00.000Z,1518.0,1300.0,1.32,1.34
77027,Houston,Harris,TX,2025-11-21T00:00:00.000Z,2569.0,2110.0,2.26,2.21
77028,Houston,Harris,TX,2025-11-21T00:00:00.000Z,1758.0,1750.0,1.23,1.27
77029,Houston,Harris,TX,2025-11-21T00:00:00.000Z,1590.0,1650.0,1.31,1.33
77030,Houston,Harris,TX,2025-11-21T00:00:00.000Z,2188.0,1794.0,1.97,1.85
77031,Houston,Harris,TX,2025-11-21T00:00:00.000Z,1634.0,1800.0,1.15,1.11
77032,Houston,Harris,TX,2025-11-21T00:00:00.000Z,1221.0,1100.0,1.17,1.06
77033,Houston,Harris,TX,2025-11-21T00:00:00.000Z,1768.0,1750.0,1.34,1.33
77034,Houston,Harris,TX,2025-11-21T00:00:00.000Z,1663.0,1795.0,1.28,1.27
77035,Houston,Harris,TX,2025-11-21T00:00:00.000Z,1821.0,1479.0,1.43,1.32
77036,Houston,Harris,TX,2025-11-21T00:00:00.000Z,1228.0,1050.0,1.19,1.17
77037,Houston,Harris,TX,2025-11-21T00:00:00.000Z,2386.0,1800.0,1.27,1.26
77038,Houston,Harris,TX,2025-11-21T00:00:00.000Z,1686.0,1795.0,1.14,1.12
77039,Houston,Harris,TX,2025-11-21T00:00:00.000Z,1566.0,1400.0,1.08,1.06
77040,Houston,Harris,TX,2025-11-21T00:00:00.000Z,1823.0,1675.0,1.32,1.23
77041,Houston,Harris,TX,2025-11-21T00:00:00.000Z,2501.0,2100.0,1.27,1.23
77042,Houston,Harris,TX,2025-11-21T00:00:00.000Z,1616.0,1350.0,1.44,1.33
77043,Houston,Harris,TX,2025-11-21T00:00:00.000Z,1978.0,1685.0,1.54,1.49
77044,Houston,Harris,TX,2025-11-21T00:00:00.000Z,2152.0,1935.0,1.27,1.19
77045,Houston,Harris,TX,2025-11-21T00:00:00.000Z,1877.0,1750.0,1.29,1.26
77046,Houston,Harris,TX,2025-11-21T00:00:00.000Z,1815.0,1642.0,1.74,1.67
77047,Houston,Harris,TX,2025-11-21T00:00:00.000Z,2041.0,2000.0,1.29,1.26
77048,Houston,Harris,TX,2025-11-21T00:00:00.000Z,1988.0,1975.0,1.31,1.26
77049,Houston,Harris,TX,2025-11-21T00:00:00.000Z,1709.0,1595.0,1.5,1.55
77050,Houston,Harris,TX,2025-11-21T00:00:00.000Z,1600.0,1600.0,1.2,1.2
77051,Houston,Harris,TX,2025-11-21T00:00:00.000Z,2011.0,1900.0,1.37,1.35
77053,Houston,Fort Bend,TX,2025-11-21T00:00:00.000Z,1784.0,1749.0,1.28,1.29
77054,Houston,Harris,TX,2025-11-21T00:00:00.000Z,1526.0,1390.0,1.61,1.58
77055,Houston,Harris,TX,2025-11-21T00:00:00.000Z,2249.0,1822.0,1.6,1.6
77056,Houston,Harris,TX,2025-11-21T00:00:00.000Z,2424.0,1950.0,2.09,1.94
77057,Houston,Harris,TX,2025-11-21T00:00:00.000Z,1542.0,1200.0,1.43,1.35
77058,Houston,Harris,TX,2025-11-21T00:00:00.000Z,1606.0,1451.0,1.53,1.51
77059,Houston,Harris,TX,2025-11-21T00:00:00.000Z,2912.0,2799.0,1.11,1.08
77060,Houston,Harris,TX,2025-11-21T00:00:00.000Z,983.0,895.0,1.12,1.09
77061,Houston,Harris,TX,2025-11-21T00:00:00.000Z,1374.0,1200.0,1.26,1.26
77062,Houston,Harris,TX,2025-11-21T00:00:00.000Z,1887.0,1875.0,1.29,1.29
77063,Houston,Harris,TX,2025-11-21T00:00:00.000Z,1600.0,1400.0,1.46,1.41
77064,Houston,Harris,TX,2025-11-21T00:00:00.000Z,1956.0,1800.0,1.28,1.23
77065,Houston,Harris,TX,2025-11-21T00:00:00.000Z,1736.0,1682.0,1.26,1.24
77066,Houston,Harris,TX,2025-11-21T00:00:00.000Z,1772.0,1800.0,1.11,1.11
77067,Houston,Harris,TX,2025-11-21T00:00:00.000Z,1674.0,1800.0,1.21,1.21
77068,Houston,Harris,TX,2025-11-21T00:00:00.000Z,1973.0,1747.0,1.05,1.05
77069,Houston,Harris,TX,2025-11-21T00:00:00.000Z,1828.0,1508.0,1.22,1.2
77070,Houston,Harris,TX,2025-11-21T00:00:00.000Z,1796.0,1750.0,1.39,1.34
77071,Houston,Harris,TX,2025-11-21T00:00:00.000Z,1712.0,1655.0,1.13,1.12
77072,Houston,Harris,TX,2025-11-21T00:00:00.000Z,1646.0,1650.0,1.16,1.13
77073,Houston,Harris,TX,2025-11-21T00:00:00.000Z,1750.0,1825.0,1.08,1.08
77074,Houston,Harris,TX,2025-11-21T00:00:00.000Z,1441.0,1350.0,1.31,1.26
77075,Houston,Harris,TX,2025-11-21T00:00:00.000Z,1871.0,1949.0,1.14,1.14
77076,Houston,Harris,TX,2025-11-21T00:00:00.000Z,1947.0,1800.0,1.3,1.29
77077,Houston,Harris,TX,2025-11-21T00:00:00.000Z,1997.0,1671.0,1.43,1.41
77078,Houston,Harris,TX,2025-11-21T00:00:00.000Z,1569.0,1550.0,1.13,1.18
77079,Houston,Harris,TX,2025-11-21T00:00:00.000Z,1924.0,1674.0,1.54,1.57
77080,Houston,Harris,TX,2025-11-21T00:00:00.000Z,2095.0,1995.0,1.37,1.33
77081,Houston,Harris,TX,2025-11-21T00:00:00.000Z,1645.0,1400.0,1.42,1.33
77082,Houston,Harris,TX,2025-11-21T00:00:00.000Z,1565.0,1300.0,1.29,1.27
77083,Houston,Harris,TX,2025-11-21T00:00:00.000Z,2017.0,1995.0,1.12,1.08
77084,Houston,Harris,TX,2025-11-21T00:00:00.000Z,1800.0,1773.0,1.54,1.34
77085,Houston,Harris,TX,2025-11-21T00:00:00.000Z,1629.0,1572.0,1.65,1.67
77086,Houston,Harris,TX,2025-11-21T00:00:00.000Z,1563.0,1663.0,1.58,1.76
77087,Houston,Harris,TX,2025-11-21T00:00:00.000Z,1464.0,1475.0,1.28,1.3
77088,Houston,Harris,TX,2025-11-21T00:00:00.000Z,1905.0,1849.0,1.25,1.24
77089,Houston,Harris,TX,2025-11-21T00:00:00.000Z,1993.0,1827.0,1.34,1.23
77090,Houston,Harris,TX,2025-11-21T00:00:00.000Z,1346.0,1210.0,1.19,1.2
77091,Houston,Harris,TX,2025-11-21T00:00:00.000Z,1944.0,2150.0,1.34,1.38
77092,Houston,Harris,TX,2025-11-21T00:00:00.000Z,1732.0,1650.0,1.42,1.34
77093,Houston,Harris,TX,2025-11-21T00:00:00.000Z,1711.0,1595.0,1.27,1.32
77094,Houston,Harris,TX,2025-11-21T00:00:00.000Z,2356.0,1990.0,1.48,1.45
77095,Houston,Harris,TX,2025-11-21T00:00:00.000Z,2152.0,2100.0,1.13,1.09
77096,Houston,Harris,TX,2025-11-21T00:00:00.000Z,2262.0,1874.0,1.47,1.44
77098,Houston,Harris,TX,2025-11-21T00:00:00.000Z,2440.0,2000.0,2.08,1.98
77099,Houston,Harris,TX,2025-11-21T00:00:00.000Z,1344.0,1276.0,1.23,1.2
77204,Houston,Harris,TX,2025-10-04T00:00:00.000Z,1650.0,1495.0,1.79,1.52
77216,Houston,Harris,TX,2023-10-06T00:00:00.000Z,1750.0,,,
77248,Houston,Harris,TX,2025-11-21T00:00:00.000Z,1275.0,1275.0,,
77257,Houston,Harris,TX,2023-11-18T00:00:00.000Z,1950.0,,,
77301,Conroe,Montgomery,TX,2025-11-21T00:00:00.000Z,1559.0,1550.0,1.25,1.21
77302,Conroe,Montgomery,TX,2025-11-21T00:00:00.000Z,2327.0,2200.0,1.15,1.13
77303,Conroe,Montgomery,TX,2025-11-21T00:00:00.000Z,1736.0,1725.0,1.21,1.2
77304,Conroe,Montgomery,TX,2025-11-21T00:00:00.000Z,1926.0,1825.0,1.4,1.32
77305,Conroe,Montgomery,TX,2023-01-30T00:00:02.432Z,1000.0,,,
77306,Conroe,Montgomery,TX,2025-11-21T00:00:00.000Z,1589.0,1590.0,1.15,1.11
77316,Montgomery,Montgomery,TX,2025-11-21T00:00:00.000Z,2075.0,1845.0,1.23,1.19
77318,Willis,Montgomery,TX,2025-11-21T00:00:00.000Z,1971.0,1785.0,1.23,1.18
77320,Huntsville,Walker,TX,2025-11-21T00:00:00.000Z,1354.0,1300.0,1.09,1.07
77326,Ace,Polk,TX,2023-01-06T00:00:02.045Z,1950.0,,,
77327,Cleveland,Liberty,TX,2025-11-21T00:00:00.000Z,1592.0,1550.0,1.14,1.12
77328,Cleveland,Liberty,TX,2025-11-21T00:00:00.000Z,1767.0,1735.0,1.15,1.06
77331,Coldspring,San Jacinto,TX,2025-11-21T00:00:00.000Z,1671.0,1365.0,1.27,1.17
77332,Dallardsville,Polk,TX,,,,,
77333,Dobbin,Montgomery,TX,2025-11-21T00:00:00.000Z,1695.0,1695.0,1.14,1.14
77334,Dodge,Walker,TX,2024-02-26T00:00:00.000Z,1200.0,,,
77335,Goodrich,Polk,TX,2025-11-21T00:00:00.000Z,1800.0,1800.0,1.19,1.19
77336,Huffman,Harris,TX,2025-11-21T00:00:00.000Z,1902.0,1800.0,1.21,1.13
77338,Humble,Harris,TX,2025-11-21T00:00:00.000Z,1578.0,1450.0,1.31,1.31
77339,Kingwood,Harris,TX,2025-11-21T00:00:00.000Z,1757.0,1700.0,1.36,1.33
77340,Huntsville,Walker,TX,2025-11-21T00:00:00.000Z,1421.0,1300.0,1.13,1.08
77345,Kingwood,Harris,TX,2025-11-21T00:00:00.000Z,2641.0,2400.0,1.09,1.05
77346,Humble,Harris,TX,2025-11-21T00:00:00.000Z,2361.0,2200.0,1.21,1.15
77350,Leggett,Polk,TX,,,,,
77351,Livingston,Polk,TX,2025-11-21T00:00:00.000Z,1455.0,1350.0,1.28,1.19
77353,Magnolia,Montgomery,TX,,,,,
77354,Magnolia,Montgomery,TX,2025-11-21T00:00:00.000Z,2158.0,2100.0,1.29,1.25
77355,Magnolia,Montgomery,TX,2025-11-21T00:00:00.000Z,2064.0,1850.0,1.13,1.04
77356,Montgomery,Montgomery,TX,2025-11-21T00:00:00.000Z,2209.0,1950.0,1.34,1.23
77357,New Caney,Montgomery,TX,2025-11-21T00:00:00.000Z,1928.0,1880.0,1.15,1.14
77358,New Waverly,Walker,TX,2025-11-21T00:00:00.000Z,1994.0,1625.0,1.15,1.13
77359,Oakhurst,San Jacinto,TX,2025-03-19T00:00:00.000Z,1500.0,1500.0,0.86,0.86
77360,Onalaska,Polk,TX,2025-11-21T00:00:00.000Z,1492.0,1195.0,1.27,1.21
77362,Pinehurst,Montgomery,TX,2025-11-21T00:00:00.000Z,2372.0,2000.0,1.13,1.11
77363,Plantersville,Grimes,TX,2025-11-21T00:00:00.000Z,1872.0,1800.0,1.24,1.19
77364,Pointblank,San Jacinto,TX,2025-11-21T00:00:00.000Z,1681.0,1500.0,1.28,1.37
77365,Porter,Montgomery,TX,2025-11-21T00:00:00.000Z,1988.0,1900.0,1.2,1.16
77367,Riverside,Walker,TX,2024-06-13T00:00:00.000Z,850.0,,,
77368,Romayor,Liberty,TX,,,,,
77369,Rye,Liberty,TX,,,,,
77371,Shepherd,San Jacinto,TX,2025-11-21T00:00:00.000Z,1178.0,1200.0,1.29,1.18
77372,Splendora,Montgomery,TX,2025-11-21T00:00:00.000Z,1827.0,1775.0,1.23,1.17
77373,Spring,Harris,TX,2025-11-21T00:00:00.000Z,1924.0,1850.0,1.19,1.12
77374,Thicket,Hardin,TX,,,,,
77375,Tomball,Harris,TX,2025-11-21T00:00:00.000Z,2262.0,2019.0,1.34,1.31
77376,Votaw,Hardin,TX,,,,,
77377,Tomball,Harris,TX,2025-11-21T00:00:00.000Z,2207.0,2095.0,1.34,1.26
77378,Willis,Montgomery,TX,2025-11-21T00:00:00.000Z,1726.0,1640.0,1.22,1.21
77379,Spring,Harris,TX,2025-11-21T00:00:00.000Z,1939.0,1852.0,1.25,1.25
77380,Spring,Montgomery,TX,2025-11-21T00:00:00.000Z,2367.0,2045.0,1.91,1.85
77381,Spring,Montgomery,TX,2025-11-21T00:00:00.000Z,2630.0,2300.0,1.41,1.38
77382,Spring,Montgomery,TX,2025-11-21T00:00:00.000Z,2808.0,2350.0,1.39,1.32
77384,Conroe,Montgomery,TX,2025-11-21T00:00:00.000Z,2200.0,2100.0,1.3,1.24
77385,Conroe,Montgomery,TX,2025-11-21T00:00:00.000Z,2332.0,2211.0,1.12,1.09
77386,Spring,Montgomery,TX,2025-11-21T00:00:00.000Z,2369.0,2105.0,1.21,1.13
77388,Spring,Harris,TX,2025-11-21T00:00:00.000Z,1896.0,1759.0,1.47,1.4
77389,Spring,Harris,TX,2025-11-21T00:00:00.000Z,2906.0,2598.0,1.41,1.32
77391,Spring,Harris,TX,,,,,
77396,Humble,Harris,TX,2025-11-21T00:00:00.000Z,1893.0,1774.0,1.29,1.22
77401,Bellaire,Harris,TX,2025-11-21T00:00:00.000Z,2983.0,2600.0,1.59,1.52
77406,Richmond,Fort Bend,TX,2025-11-21T00:00:00.000Z,2296.0,2270.0,1.38,1.25
77407,Richmond,Fort Bend,TX,2025-11-21T00:00:00.000Z,2179.0,2200.0,1.34,1.28
77412,Altair,Colorado,TX,2023-11-02T00:00:00.000Z,1400.0,,,
77414,Bay City,Matagorda,TX,2025-11-21T00:00:00.000Z,1241.0,900.0,1.35,1.21
77415,Cedar Lane,Matagorda,TX,,,,,
77417,Beasley,Fort Bend,TX,2025-11-21T00:00:00.000Z,2358.0,2375.0,1.38,1.44
77418,Bellville,Austin,TX,2025-11-21T00:00:00.000Z,1847.0,1600.0,1.19,1.15
77419,Blessing,Matagorda,TX,2020-10-27T12:00:02.452Z,1200.0,,,
77420,Boling,Wharton,TX,2025-11-21T00:00:00.000Z,1510.0,1350.0,1.24,1.35
77422,Brazoria,Brazoria,TX,2025-11-21T00:00:00.000Z,1686.0,1400.0,1.35,1.32
77423,Brookshire,Waller,TX,2025-11-21T00:00:00.000Z,2351.0,2228.0,1.17,1.16
77426,Chappell Hill,Washington,TX,2025-11-21T00:00:00.000Z,1550.0,1500.0,1.78,1.68
77429,Cypress,Harris,TX,2025-11-21T00:00:00.000Z,2428.0,2250.0,1.17,1.09
77430,Damon,Brazoria,TX,2025-11-21T00:00:00.000Z,2260.0,2000.0,1.38,1.4
77432,Danevang,Wharton,TX,,,,,
77433,Cypress,Harris,TX,2025-11-21T00:00:00.000Z,2504.0,2400.0,1.33,1.27
77434,Eagle Lake,Colorado,TX,2025-11-21T00:00:00.000Z,1270.0,950.0,1.05,1.28
77435,East Bernard,Wharton,TX,2025-11-21T00:00:00.000Z,1537.0,1550.0,1.17,1.2
77436,Egypt,Wharton,TX,,,,,
77437,El Campo,Wharton,TX,2025-11-21T00:00:00.000Z,1216.0,1015.0,1.11,1.1
77440,Elmaton,Matagorda,TX,,,,,
77441,Fulshear,Fort Bend,TX,2025-11-21T00:00:00.000Z,2840.0,2500.0,1.29,1.2
77442,Garwood,Colorado,TX,2024-12-03T00:00:00.000Z,1350.0,1350.0,0.91,0.91
77443,Glen Flora,Wharton,TX,2023-02-01T00:00:02.126Z,1200.0,,,
77444,Guy,Fort Bend,TX,2025-11-21T00:00:00.000Z,2400.0,2400.0,1.07,1.07
77445,Hempstead,Waller,TX,2025-11-21T00:00:00.000Z,1633.0,1550.0,1.1,1.08
77446,Prairie View,Waller,TX,2025-11-21T00:00:00.000Z,693.0,695.0,0.4,0.41
77447,Hockley,Harris,TX,2025-11-21T00:00:00.000Z,2020.0,1950.0,1.18,1.13
77448,Hungerford,Wharton,TX,2025-11-21T00:00:00.000Z,1450.0,1450.0,1.21,1.21
77449,Katy,Harris,TX,2025-11-21T00:00:00.000Z,1920.0,1900.0,1.3,1.2
77450,Katy,Harris,TX,2025-11-21T00:00:00.000Z,2316.0,2150.0,1.28,1.2
77451,Kendleton,Fort Bend,TX,2025-11-21T00:00:00.000Z,1800.0,1800.0,1.3,1.3
77452,Kenney,Austin,TX,2023-11-02T00:00:00.000Z,1850.0,,,
77453,Lane City,Wharton,TX,2025-09-12T00:00:00.000Z,1700.0,1700.0,1.17,1.17
77454,Lissie,Wharton,TX,2023-03-23T00:00:00.000Z,550.0,,,
77455,Louise,Wharton,TX,2025-11-21T00:00:00.000Z,1350.0,1300.0,1.07,0.96
77456,Markham,Matagorda,TX,2025-10-16T00:00:00.000Z,1375.0,1375.0,1.01,1.01
77457,Matagorda,Matagorda,TX,2025-11-21T00:00:00.000Z,2500.0,2500.0,1.65,1.65
77458,Midfield,Matagorda,TX,2025-04-01T00:00:00.000Z,2500.0,2500.0,1.95,1.95
77459,Missouri City,Fort Bend,TX,2025-11-21T00:00:00.000Z,2720.0,2500.0,1.21,1.12
77460,Nada,Colorado,TX,,,,,
77461,Needville,Fort Bend,TX,2025-11-21T00:00:00.000Z,2024.0,1750.0,1.4,1.37
77463,Old Ocean,Brazoria,TX,,,,,
77464,Orchard,Fort Bend,TX,2024-12-26T00:00:00.000Z,1350.0,1350.0,1.26,1.26
77465,Palacios,Matagorda,TX,2025-11-21T00:00:00.000Z,1531.0,876.0,1.34,1.24
77466,Pattison,Waller,TX,2025-11-21T00:00:00.000Z,2200.0,2200.0,,
77467,Pierce,Wharton,TX,,,,,
77468,Pledger,Matagorda,TX,2023-07-12T00:00:00.000Z,1100.0,,,
77469,Richmond,Fort Bend,TX,2025-11-21T00:00:00.000Z,2150.0,2125.0,1.36,1.22
77470,Rock Island,Colorado,TX,,,,,
77471,Rosenberg,Fort Bend,TX,2025-11-21T00:00:00.000Z,2007.0,1975.0,1.21,1.14
77473,San Felipe,Austin,TX,,,,,
77474,Sealy,Austin,TX,2025-11-21T00:00:00.000Z,1990.0,1775.0,1.31,1.28
77475,Sheridan,Colorado,TX,2025-03-17T00:00:00.000Z,1600.0,1600.0,1.72,1.72
77476,Simonton,Fort Bend,TX,2025-11-21T00:00:00.000Z,1000.0,1000.0,1.28,1.28
77477,Stafford,Fort Bend,TX,2025-11-21T00:00:00.000Z,1875.0,1773.0,1.78,1.9
77478,Sugar Land,Fort Bend,TX,2025-11-21T00:00:00.000Z,2332.0,2150.0,1.24,1.17
77479,Sugar Land,Fort Bend,TX,2025-11-21T00:00:00.000Z,2700.0,2450.0,1.31,1.15
77480,Sweeny,Brazoria,TX,2025-11-21T00:00:00.000Z,1427.0,1500.0,1.08,1.2
77481,Thompsons,Fort Bend,TX,2024-07-15T00:00:00.000Z,3500.0,,,
77482,Van Vleck,Matagorda,TX,2025-05-04T00:00:00.000Z,2000.0,2000.0,0.85,0.85
77483,Wadsworth,Matagorda,TX,2025-11-21T00:00:00.000Z,1350.0,1350.0,1.0,1.0
77484,Waller,Harris,TX,2025-11-21T00:00:00.000Z,1595.0,1400.0,1.4,1.5
77485,Wallis,Austin,TX,2025-11-21T00:00:00.000Z,1604.0,1400.0,1.07,1.04
77486,West Columbia,Brazoria,TX,2025-11-21T00:00:00.000Z,1751.0,1800.0,1.25,1.12
77488,Wharton,Wharton,TX,2025-11-21T00:00:00.000Z,1415.0,1450.0,1.18,1.1
77489,Missouri City,Fort Bend,TX,2025-11-21T00:00:00.000Z,1880.0,1875.0,1.14,1.14
77492,Katy,Harris,TX,2024-06-22T00:00:00.000Z,3000.0,,,
77493,Katy,Harris,TX,2025-11-21T00:00:00.000Z,2328.0,2295.0,1.33,1.27
77494,Katy,Fort Bend,TX,2025-11-21T00:00:00.000Z,2487.0,2380.0,1.34,1.21
77496,Sugar Land,Fort Bend,TX,2024-05-11T00:00:00.000Z,1825.0,,,
77498,Sugar Land,Fort Bend,TX,2025-11-21T00:00:00.000Z,2084.0,2063.0,1.32,1.2
77501,Pasadena,Harris,TX,2025-04-27T00:00:00.000Z,2000.0,2000.0,1.38,1.38
77502,Pasadena,Harris,TX,2025-11-21T00:00:00.000Z,1631.0,1750.0,1.27,1.24
77503,Pasadena,Harris,TX,2025-11-21T00:00:00.000Z,1485.0,1450.0,1.33,1.31
77504,Pasadena,Harris,TX,2025-11-21T00:00:00.000Z,1284.0,1196.0,1.36,1.38
77505,Pasadena,Harris,TX,2025-11-21T00:00:00.000Z,1768.0,1657.0,1.47,1.52
77506,Pasadena,Harris,TX,2025-11-21T00:00:00.000Z,1328.0,1200.0,1.26,1.33
77507,Pasadena,Harris,TX,2024-09-01T00:00:00.000Z,1329.0,1329.0,1.87,1.87
77510,Santa Fe,Galveston,TX,2025-11-21T00:00:00.000Z,2148.0,2100.0,1.34,1.33
77511,Alvin,Brazoria,TX,2025-11-21T00:00:00.000Z,1788.0,1750.0,1.35,1.3
77514,Anahuac,Chambers,TX,2025-11-21T00:00:00.000Z,1632.0,1521.0,1.27,1.28
77515,Angleton,Brazoria,TX,2025-11-21T00:00:00.000Z,1577.0,1499.0,1.25,1.22
77517,Santa Fe,Galveston,TX,2025-11-21T00:00:00.000Z,1425.0,950.0,1.29,0.99
77518,Bacliff,Galveston,TX,2025-11-21T00:00:00.000Z,1533.0,1515.0,1.34,1.22
77519,Batson,Hardin,TX,,,,,
77520,Baytown,Harris,TX,2025-11-21T00:00:00.000Z,1455.0,1400.0,1.24,1.25
77521,Baytown,Harris,TX,2025-11-21T00:00:00.000Z,1938.0,1975.0,1.29,1.27
77523,Baytown,Chambers,TX,2025-11-21T00:00:00.000Z,2229.0,2100.0,1.34,1.28
77530,Channelview,Harris,TX,2025-11-21T00:00:00.000Z,1655.0,1700.0,1.15,1.2
77531,Clute,Brazoria,TX,2025-11-21T00:00:00.000Z,2283.0,2899.0,1.24,1.23
77532,Crosby,Harris,TX,2025-11-21T00:00:00.000Z,2049.0,1925.0,1.17,1.15
77533,Daisetta,Liberty,TX,2025-04-22T00:00:00.000Z,1500.0,1500.0,0.84,0.84
77534,Danbury,Brazoria,TX,2025-11-21T00:00:00.000Z,981.0,732.0,1.15,1.04
77535,Dayton,Liberty,TX,2025-11-21T00:00:00.000Z,2275.0,2200.0,1.31,1.28
77536,Deer Park,Harris,TX,2025-11-21T00:00:00.000Z,1739.0,1850.0,1.29,1.3
77538,Devers,Liberty,TX,2024-12-24T00:00:00.000Z,1350.0,1350.0,0.63,0.63
77539,Dickinson,Galveston,TX,2025-11-21T00:00:00.000Z,1727.0,1600.0,1.32,1.28
77541,Freeport,Brazoria,TX,2025-11-21T00:00:00.000Z,1369.0,1200.0,1.3,1.16
77545,Fresno,Fort Bend,TX,2025-11-21T00:00:00.000Z,2215.0,2200.0,1.16,1.1
77546,Friendswood,Galveston,TX,2025-11-21T00:00:00.000Z,2093.0,1877.0,1.59,1.62
77547,Galena Park,Harris,TX,2025-11-21T00:00:00.000Z,1452.0,1700.0,1.52,1.49
77550,Galveston,Galveston,TX,2025-11-21T00:00:00.000Z,1758.0,1500.0,1.65,1.59
77551,Galveston,Galveston,TX,2025-11-21T00:00:00.000Z,1695.0,1500.0,1.73,1.64
77554,Galveston,Galveston,TX,2025-11-21T00:00:00.000Z,2816.0,2500.0,2.21,2.09
77555,Galveston,Galveston,TX,,,,,
77560,Hankamer,Chambers,TX,2025-11-21T00:00:00.000Z,450.0,450.0,,
77561,Hardin,Liberty,TX,2023-02-08T00:00:00.000Z,566.0,,,
77562,Highlands,Harris,TX,2025-11-21T00:00:00.000Z,1386.0,1500.0,1.24,1.27
77563,Hitchcock,Galveston,TX,2025-11-21T00:00:00.000Z,1979.0,1800.0,1.5,1.37
77564,Hull,Liberty,TX,2025-08-12T00:00:00.000Z,1850.0,1850.0,1.01,1.01
77565,Kemah,Galveston,TX,2025-11-21T00:00:00.000Z,2533.0,2500.0,1.67,1.51
77566,Lake Jackson,Brazoria,TX,2025-11-21T00:00:00.000Z,1453.0,1500.0,1.16,1.08
77568,La Marque,Galveston,TX,2025-11-21T00:00:00.000Z,1848.0,1770.0,1.34,1.27
77571,La Porte,Harris,TX,2025-11-21T00:00:00.000Z,1663.0,1600.0,1.32,1.28
77573,League City,Galveston,TX,2025-11-21T00:00:00.000Z,2099.0,2100.0,1.45,1.38
77575,Liberty,Liberty,TX,2025-11-21T00:00:00.000Z,1643.0,1500.0,1.2,1.12
77577,Liverpool,Brazoria,TX,2025-11-21T00:00:00.000Z,2083.0,2250.0,1.42,1.62
77578,Manvel,Brazoria,TX,2025-11-21T00:00:00.000Z,2785.0,2500.0,1.3,1.29
77580,Mont Belvieu,Chambers,TX,2025-03-05T00:00:00.000Z,2495.0,2495.0,1.14,1.14
77581,Pearland,Brazoria,TX,2025-11-21T00:00:00.000Z,2071.0,2150.0,1.3,1.26
77582,Raywood,Liberty,TX,,,,,
77583,Rosharon,Brazoria,TX,2025-11-21T00:00:00.000Z,2411.0,2355.0,1.31,1.27
77584,Pearland,Brazoria,TX,2025-11-21T00:00:00.000Z,2131.0,2140.0,1.4,1.32
77585,Saratoga,Hardin,TX,,,,,
77586,Seabrook,Harris,TX,2025-11-21T00:00:00.000Z,2039.0,1750.0,1.53,1.49
77587,South Houston,Harris,TX,2025-11-21T00:00:00.000Z,1562.0,1495.0,1.43,1.38
77590,Texas City,Galveston,TX,2025-11-21T00:00:00.000Z,1355.0,1300.0,1.23,1.2
77591,Texas City,Galveston,TX,2025-11-21T00:00:00.000Z,1635.0,1600.0,1.27,1.25
77597,Wallisville,Chambers,TX,2025-11-21T00:00:00.000Z,1800.0,1800.0,,
77598,Webster,Harris,TX,2025-11-21T00:00:00.000Z,1635.0,1606.0,1.81,1.95
77611,Bridge City,Orange,TX,2025-11-21T00:00:00.000Z,1926.0,1700.0,1.32,1.21
77612,Buna,Jasper,TX,2025-11-21T00:00:00.000Z,1142.0,1250.0,0.91,0.81
77613,China,Jefferson,TX,2025-11-18T00:00:00.000Z,1450.0,1450.0,1.38,1.38
77614,Deweyville,Newton,TX,,,,,
77615,Evadale,Jasper,TX,2025-08-01T00:00:00.000Z,1595.0,1595.0,0.9,0.9
77616,Fred,Tyler,TX,,,,,
77617,Gilchrist,Galveston,TX,2025-11-21T00:00:00.000Z,2050.0,2000.0,2.34,2.62
77619,Groves,Jefferson,TX,2025-11-21T00:00:00.000Z,1487.0,1250.0,1.33,1.2
77622,Hamshire,Jefferson,TX,2025-11-21T00:00:00.000Z,1100.0,1100.0,,
77623,High Island,Galveston,TX,2025-11-21T00:00:00.000Z,825.0,800.0,1.38,1.33
77624,Hillister,Tyler,TX,2024-02-14T00:00:00.000Z,1145.0,,,
77625,Kountze,Hardin,TX,2025-11-21T00:00:00.000Z,978.0,900.0,1.86,2.0
77627,Nederland,Jefferson,TX,2025-11-21T00:00:00.000Z,1175.0,900.0,1.2,1.11
77629,Nome,Jefferson,TX,2022-11-22T00:00:02.508Z,1895.0,,,
77630,Orange,Orange,TX,2025-11-21T00:00:00.000Z,1496.0,1300.0,1.24,1.19
77632,Orange,Orange,TX,2025-11-21T00:00:00.000Z,1986.0,1650.0,1.53,1.2
77640,Port Arthur,Jefferson,TX,2025-11-21T00:00:00.000Z,1252.0,1200.0,1.26,1.19
77642,Port Arthur,Jefferson,TX,2025-11-21T00:00:00.000Z,1275.0,1000.0,1.28,1.2
77643,Port Arthur,Jefferson,TX,2022-07-27T00:00:02.281Z,1850.0,,,
77650,Port Bolivar,Galveston,TX,2025-11-21T00:00:00.000Z,2466.0,2061.0,1.81,1.6
77651,Port Neches,Jefferson,TX,2025-11-21T00:00:00.000Z,1364.0,1175.0,1.35,1.27
77655,Sabine Pass,Jefferson,TX,2024-12-08T00:00:00.000Z,3500.0,3500.0,1.44,1.44
77656,Silsbee,Hardin,TX,2025-11-21T00:00:00.000Z,1158.0,1075.0,1.12,1.05
77657,Lumberton,Hardin,TX,2025-11-21T00:00:00.000Z,1877.0,1800.0,1.24,1.23
77659,Sour Lake,Hardin,TX,2025-11-21T00:00:00.000Z,1916.0,1500.0,1.19,0.94
77660,Spurger,Tyler,TX,2025-11-21T00:00:00.000Z,1495.0,1495.0,1.38,1.38
77661,Stowell,Chambers,TX,2023-05-19T00:00:00.000Z,1895.0,,,
77662,Vidor,Orange,TX,2025-11-21T00:00:00.000Z,1509.0,1395.0,1.04,1.03
77663,Village Mills,Hardin,TX,2025-11-21T00:00:00.000Z,1795.0,1795.0,0.87,0.87
77664,Warren,Tyler,TX,2025-11-21T00:00:00.000Z,1600.0,1600.0,1.54,1.54
77665,Winnie,Chambers,TX,2025-11-21T00:00:00.000Z,1025.0,950.0,1.8,1.42
77670,Vidor,Orange,TX,,,,,
77701,Beaumont,Jefferson,TX,2025-11-21T00:00:00.000Z,1034.0,950.0,1.14,1.13
77702,Beaumont,Jefferson,TX,2025-11-21T00:00:00.000Z,1438.0,1100.0,1.3,1.0
77703,Beaumont,Jefferson,TX,2025-11-21T00:00:00.000Z,1108.0,1095.0,1.17,1.14
77705,Beaumont,Jefferson,TX,2025-11-21T00:00:00.000Z,1040.0,895.0,1.14,1.12
77706,Beaumont,Jefferson,TX,2025-11-21T00:00:00.000Z,1745.0,1695.0,1.16,1.09
77707,Beaumont,Jefferson,TX,2025-11-21T00:00:00.000Z,1593.0,1400.0,1.13,1.11
77708,Beaumont,Jefferson,TX,2025-11-21T00:00:00.000Z,1578.0,1400.0,1.11,1.23
77713,Beaumont,Jefferson,TX,2025-11-21T00:00:00.000Z,2063.0,1850.0,1.31,1.26
77801,Bryan,Brazos,TX,2025-11-21T00:00:00.000Z,1895.0,1200.0,1.45,1.34
77802,Bryan,Brazos,TX,2025-11-21T00:00:00.000Z,1891.0,1695.0,1.36,1.24
77803,Bryan,Brazos,TX,2025-11-21T00:00:00.000Z,1488.0,1500.0,1.3,1.31
77807,Bryan,Brazos,TX,2025-11-21T00:00:00.000Z,2037.0,2100.0,1.43,1.35
77808,Bryan,Brazos,TX,2025-11-21T00:00:00.000Z,2404.0,2400.0,1.62,1.36
77830,Anderson,Grimes,TX,2025-11-21T00:00:00.000Z,2069.0,1895.0,1.37,1.53
77831,Bedias,Grimes,TX,2025-11-21T00:00:00.000Z,1500.0,1500.0,1.25,1.25
77833,Brenham,Washington,TX,2025-11-21T00:00:00.000Z,1708.0,1700.0,1.45,1.41
77835,Burton,Washington,TX,2025-05-18T00:00:00.000Z,1100.0,1100.0,0.96,0.96
77836,Caldwell,Burleson,TX,2025-11-21T00:00:00.000Z,1423.0,1300.0,1.22,1.23
77837,Calvert,Robertson,TX,2025-06-27T00:00:00.000Z,1350.0,1350.0,0.74,0.74
77838,Chriesman,Burleson,TX,,,,,
77840,College Station,Brazos,TX,2025-11-21T00:00:00.000Z,2334.0,1795.0,1.48,1.39
77845,College Station,Brazos,TX,2025-11-21T00:00:00.000Z,2111.0,2000.0,1.34,1.31
77852,Deanville,Burleson,TX,2025-11-21T00:00:00.000Z,1800.0,1800.0,0.82,0.82
77853,Dime Box,Lee,TX,2025-11-21T00:00:00.000Z,1500.0,1500.0,0.71,0.71
77856,Franklin,Robertson,TX,2025-11-21T00:00:00.000Z,1200.0,1200.0,1.0,1.0
77857,Gause,Milam,TX,2022-12-20T00:00:01.888Z,1350.0,,,
77859,Hearne,Robertson,TX,2025-11-21T00:00:00.000Z,1099.0,1095.0,1.13,1.15
77861,Iola,Grimes,TX,2025-11-21T00:00:00.000Z,2069.0,2000.0,1.3,1.2
77863,Lyons,Burleson,TX,,,,,
77864,Madisonville,Madison,TX,2025-11-21T00:00:00.000Z,1038.0,850.0,1.22,0.88
77865,Marquez,Leon,TX,,,,,
77866,Millican,Brazos,TX,,,,,
77868,Navasota,Grimes,TX,2025-11-21T00:00:00.000Z,1663.0,1500.0,1.35,1.26
77870,New Baden,Robertson,TX,,,,,
77871,Normangee,Leon,TX,2025-11-21T00:00:00.000Z,1200.0,1200.0,0.97,0.96
77872,North Zulch,Madison,TX,2025-11-21T00:00:00.000Z,2500.0,2500.0,1.36,1.36
77873,Richards,Grimes,TX,2025-11-21T00:00:00.000Z,1750.0,1750.0,0.98,0.98
77876,Shiro,Grimes,TX,2025-11-21T00:00:00.000Z,1300.0,1000.0,1.79,0.98
77878,Snook,Burleson,TX,2025-11-21T00:00:00.000Z,1950.0,1950.0,1.12,1.12
77879,Somerville,Burleson,TX,2025-11-21T00:00:00.000Z,2146.0,1850.0,1.36,1.26
77880,Washington,Washington,TX,2025-11-17T00:00:00.000Z,1500.0,1500.0,2.5,2.5
77901,Victoria,Victoria,TX,2025-11-21T00:00:00.000Z,1231.0,1150.0,1.07,1.14
77904,Victoria,Victoria,TX,2025-11-21T00:00:00.000Z,1838.0,1750.0,1.22,1.19
77905,Victoria,Victoria,TX,2025-11-21T00:00:00.000Z,1615.0,1750.0,1.26,1.27
77950,Austwell,Refugio,TX,2022-08-30T00:00:01.744Z,1000.0,,,
77951,Bloomington,Victoria,TX,2023-12-03T00:00:00.000Z,850.0,,,
77954,Cuero,De Witt,TX,2025-11-21T00:00:00.000Z,1708.0,1300.0,1.09,1.12
77957,Edna,Jackson,TX,2025-11-21T00:00:00.000Z,1117.0,1025.0,0.97,0.89
77960,Fannin,Goliad,TX,,,,,
77961,Francitas,Jackson,TX,,,,,
77962,Ganado,Jackson,TX,2025-11-21T00:00:00.000Z,1035.0,785.0,1.07,1.0
77963,Goliad,Goliad,TX,2025-04-27T00:00:00.000Z,750.0,750.0,1.28,1.28
77964,Hallettsville,Lavaca,TX,2025-11-21T00:00:00.000Z,854.0,507.0,,
77968,Inez,Victoria,TX,2025-11-21T00:00:00.000Z,1750.0,1750.0,1.06,1.06
77969,La Salle,Jackson,TX,,,,,
77970,La Ward,Jackson,TX,2023-06-07T00:00:00.000Z,1200.0,,,
77971,Lolita,Jackson,TX,2025-05-31T00:00:00.000Z,1350.0,1350.0,2.16,2.16
77974,Meyersville,De Witt,TX,,,,,
77975,Moulton,Lavaca,TX,2023-03-23T00:00:00.000Z,675.0,,,
77976,Nursery,Victoria,TX,2025-08-20T00:00:00.000Z,800.0,800.0,,
77977,Placedo,Victoria,TX,,,,,
77978,Point Comfort,Calhoun,TX,2024-01-06T00:00:00.000Z,1500.0,,,
77979,Port Lavaca,Calhoun,TX,2025-11-21T00:00:00.000Z,1297.0,1000.0,2.2,1.5
77982,Port O Connor,Calhoun,TX,2024-01-06T00:00:00.000Z,1200.0,,,
77983,Seadrift,Calhoun,TX,2025-11-21T00:00:00.000Z,1278.0,1195.0,1.09,1.19
77984,Shiner,Lavaca,TX,2025-11-21T00:00:00.000Z,1662.0,1450.0,1.27,1.13
77986,Sublime,Lavaca,TX,,,,,
77987,Sweet Home,Lavaca,TX,,,,,
77988,Telferner,Victoria,TX,2022-06-28T00:00:07.856Z,1250.0,,,
77990,Tivoli,Refugio,TX,2025-07-30T00:00:00.000Z,1000.0,1000.0,0.8,0.8
77991,Vanderbilt,Jackson,TX,2020-05-07T00:00:05.123Z,950.0,,,
77993,Weesatche,Goliad,TX,,,,,
77994,Westhoff,De Witt,TX,,,,,
77995,Yoakum,Lavaca,TX,2025-11-21T00:00:00.000Z,910.0,995.0,0.79,0.59
78002,Atascosa,Bexar,TX,2025-11-21T00:00:00.000Z,1689.0,1695.0,0.95,0.91
78003,Bandera,Bandera,TX,2025-11-21T00:00:00.000Z,1490.0,1300.0,1.19,1.19
78004,Bergheim,Kendall,TX,2025-11-21T00:00:00.000Z,3800.0,3800.0,1.23,1.23
78005,Bigfoot,Frio,TX,2024-10-21T00:00:00.000Z,1450.0,1450.0,1.25,1.25
78006,Boerne,Kendall,TX,2025-11-21T00:00:00.000Z,2446.0,2300.0,1.4,1.36
78007,Calliham,Mcmullen,TX,,,,,
78008,Campbellton,Atascosa,TX,2025-04-07T00:00:00.000Z,695.0,695.0,,
78009,Castroville,Medina,TX,2025-11-21T00:00:00.000Z,2141.0,1850.0,1.28,1.17
78010,Center Point,Kerr,TX,2025-11-21T00:00:00.000Z,2130.0,1450.0,1.62,1.4
78011,Charlotte,Atascosa,TX,2025-11-21T00:00:00.000Z,776.0,695.0,1.97,1.96
78012,Christine,Atascosa,TX,2025-11-21T00:00:00.000Z,750.0,750.0,,
78013,Comfort,Kendall,TX,2025-11-21T00:00:00.000Z,1791.0,1600.0,1.43,1.42
78014,Cotulla,La Salle,TX,2025-11-21T00:00:00.000Z,676.0,676.0,0.04,0.04
78015,Boerne,Kendall,TX,2025-11-21T00:00:00.000Z,2503.0,2350.0,1.24,1.21
78016,Devine,Medina,TX,2025-11-21T00:00:00.000Z,1289.0,1235.0,1.26,1.16
78017,Dilley,Frio,TX,2025-11-21T00:00:00.000Z,1115.0,570.0,0.05,0.03
78019,Encinal,La Salle,TX,2022-06-30T00:00:02.586Z,850.0,,,
78021,Fowlerton,La Salle,TX,,,,,
78022,George West,Live Oak,TX,2023-05-23T00:00:00.000Z,1000.0,,,
78023,Helotes,Bexar,TX,2025-11-21T00:00:00.000Z,2176.0,2100.0,1.14,1.05
78024,Hunt,Kerr,TX,2025-11-21T00:00:00.000Z,2425.0,2250.0,1.35,1.21
78025,Ingram,Kerr,TX,2025-11-21T00:00:00.000Z,2070.0,1900.0,1.95,1.44
78026,Jourdanton,Atascosa,TX,2025-11-21T00:00:00.000Z,1128.0,975.0,1.12,1.03
78027,Kendalia,Kendall,TX,,,,,
78028,Kerrville,Kerr,TX,2025-11-21T00:00:00.000Z,1817.0,1650.0,1.42,1.34
78029,Kerrville,Kerr,TX,2022-12-18T00:00:01.878Z,1575.0,,,
78039,La Coste,Medina,TX,2025-09-17T00:00:00.000Z,1025.0,1025.0,1.52,1.52
78040,Laredo,Webb,TX,2025-11-21T00:00:00.000Z,1012.0,950.0,1.2,1.14
78041,Laredo,Webb,TX,2025-11-21T00:00:00.000Z,1464.0,1200.0,1.25,1.18
78043,Laredo,Webb,TX,2025-11-21T00:00:00.000Z,1208.0,1195.0,1.28,1.2
78044,Laredo,Webb,TX,,,,,
78045,Laredo,Webb,TX,2025-11-21T00:00:00.000Z,1844.0,1825.0,1.18,1.16
78046,Laredo,Webb,TX,2025-11-21T00:00:00.000Z,1468.0,1500.0,1.14,1.15
78050,Leming,Atascosa,TX,2024-02-07T00:00:00.000Z,1200.0,,,
78052,Lytle,Atascosa,TX,2025-11-21T00:00:00.000Z,1782.0,1500.0,1.2,1.16
78054,Macdona,Bexar,TX,2020-07-22T12:00:05.752Z,2000.0,,,
78055,Medina,Bandera,TX,2025-11-21T00:00:00.000Z,1446.0,1250.0,1.21,1.21
78056,Mico,Medina,TX,2025-11-21T00:00:00.000Z,2495.0,2495.0,0.81,0.63
78057,Moore,Frio,TX,2025-11-21T00:00:00.000Z,900.0,900.0,1.06,1.06
78058,Mountain Home,Kerr,TX,2025-11-21T00:00:00.000Z,3000.0,3000.0,2.31,2.31
78059,Natalia,Medina,TX,2025-11-21T00:00:00.000Z,1759.0,1999.0,1.14,1.19
78060,Oakville,Live Oak,TX,,,,,
78061,Pearsall,Frio,TX,2025-11-21T00:00:00.000Z,832.0,800.0,0.93,1.01
78062,Peggy,Atascosa,TX,,,,,
78063,Pipe Creek,Bandera,TX,2025-11-21T00:00:00.000Z,1481.0,1300.0,1.39,1.24
78064,Pleasanton,Atascosa,TX,2025-11-21T00:00:00.000Z,1251.0,1100.0,1.16,1.14
78065,Poteet,Atascosa,TX,2025-11-21T00:00:00.000Z,1744.0,1600.0,1.12,1.11
78066,Rio Medina,Medina,TX,2024-02-28T00:00:00.000Z,2500.0,,,
78067,San Ygnacio,Zapata,TX,,,,,
78069,Somerset,Bexar,TX,2025-11-21T00:00:00.000Z,800.0,800.0,0.83,0.83
78070,Spring Branch,Comal,TX,2025-11-21T00:00:00.000Z,1979.0,1700.0,1.31,1.31
78071,Three Rivers,Live Oak,TX,2025-11-21T00:00:00.000Z,1300.0,1400.0,0.82,0.97
78072,Tilden,Mcmullen,TX,,,,,
78073,Von Ormy,Bexar,TX,2025-11-21T00:00:00.000Z,1509.0,1695.0,1.06,1.06
78074,Waring,Kendall,TX,,,,,
78075,Whitsett,Live Oak,TX,2025-04-17T00:00:00.000Z,700.0,700.0,0.76,0.76
78076,Zapata,Zapata,TX,2025-11-21T00:00:00.000Z,902.0,555.0,0.75,0.53
78101,Adkins,Bexar,TX,2025-11-21T00:00:00.000Z,1354.0,1350.0,1.14,1.16
78102,Beeville,Bee,TX,2025-11-21T00:00:00.000Z,1074.0,930.0,1.0,1.08
78104,Beeville,Bee,TX,,,,,
78107,Berclair,Goliad,TX,,,,,
78108,Cibolo,Guadalupe,TX,2025-11-21T00:00:00.000Z,2015.0,1950.0,0.98,0.93
78109,Converse,Bexar,TX,2025-11-21T00:00:00.000Z,1711.0,1685.0,1.02,1.0
78112,Elmendorf,Bexar,TX,2025-11-21T00:00:00.000Z,1765.0,1700.0,1.16,1.17
78113,Falls City,Karnes,TX,2025-11-21T00:00:00.000Z,1500.0,1500.0,1.14,1.14
78114,Floresville,Wilson,TX,2025-11-21T00:00:00.000Z,1634.0,1550.0,1.29,1.23
78116,Gillett,Karnes,TX,2025-03-24T00:00:00.000Z,900.0,900.0,0.75,0.75
78117,Hobson,Karnes,TX,,,,,
78118,Karnes City,Karnes,TX,2025-11-21T00:00:00.000Z,735.0,735.0,0.68,0.68
78119,Kenedy,Karnes,TX,2025-11-21T00:00:00.000Z,1219.0,1250.0,2.11,2.19
78121,La Vernia,Wilson,TX,2025-11-21T00:00:00.000Z,2152.0,1950.0,1.23,1.19
78122,Leesville,Gonzales,TX,,,,,
78123,Mc Queeney,Guadalupe,TX,2025-11-21T00:00:00.000Z,2357.0,1700.0,1.52,1.43
78124,Marion,Guadalupe,TX,2025-11-21T00:00:00.000Z,2048.0,1900.0,1.06,1.06
78125,Mineral,Bee,TX,,,,,
78130,New Braunfels,Comal,TX,2025-11-21T00:00:00.000Z,1698.0,1629.0,1.21,1.14
78132,New Braunfels,Comal,TX,2025-11-21T00:00:00.000Z,2316.0,2150.0,1.19,1.14
78133,Canyon Lake,Comal,TX,2025-11-21T00:00:00.000Z,1995.0,1795.0,1.37,1.34
78140,Nixon,Gonzales,TX,2025-11-21T00:00:00.000Z,625.0,625.0,,
78141,Nordheim,De Witt,TX,,,,,
78142,Normanna,Bee,TX,2023-12-29T00:00:00.000Z,1550.0,,,
78143,Pandora,Wilson,TX,,,,,
78144,Panna Maria,Karnes,TX,2024-01-03T00:00:00.000Z,2095.0,,,
78145,Pawnee,Bee,TX,,,,,
78146,Pettus,Bee,TX,2025-06-07T00:00:00.000Z,1050.0,1050.0,1.09,1.09
78147,Poth,Wilson,TX,2025-11-21T00:00:00.000Z,1850.0,1400.0,1.24,1.05
78148,Universal City,Bexar,TX,2025-11-21T00:00:00.000Z,1616.0,1500.0,1.17,0.99
78150,Jbsa Randolph,Bexar,TX,2021-06-16T12:00:27.028Z,1617.0,,,
78151,Runge,Karnes,TX,2025-11-21T00:00:00.000Z,515.0,515.0,,
78152,Saint Hedwig,Bexar,TX,2025-11-21T00:00:00.000Z,1673.0,1650.0,0.98,1.0
78154,Schertz,Guadalupe,TX,2025-11-21T00:00:00.000Z,1818.0,1795.0,1.06,1.04
78155,Seguin,Guadalupe,TX,2025-11-21T00:00:00.000Z,1512.0,1495.0,1.03,1.0
78159,Smiley,Gonzales,TX,2022-07-01T00:00:02.262Z,1000.0,,,
78160,Stockdale,Wilson,TX,2025-11-21T00:00:00.000Z,1572.0,1300.0,1.45,1.68
78161,Sutherland Springs,Wilson,TX,2025-11-21T00:00:00.000Z,1000.0,1000.0,1.3,1.3
78162,Tuleta,Bee,TX,2025-08-24T00:00:00.000Z,1300.0,1300.0,,
78163,Bulverde,Comal,TX,2025-11-21T00:00:00.000Z,2491.0,2325.0,1.16,1.15
78164,Yorktown,De Witt,TX,2025-11-21T00:00:00.000Z,492.0,525.0,0.95,0.95
78204,San Antonio,Bexar,TX,2025-11-21T00:00:00.000Z,1677.0,1534.0,1.79,1.8
78205,San Antonio,Bexar,TX,2025-11-21T00:00:00.000Z,2437.0,2099.0,2.31,1.99
78207,San Antonio,Bexar,TX,2025-11-21T00:00:00.000Z,1332.0,1225.0,1.4,1.42
78208,San Antonio,Bexar,TX,2025-11-21T00:00:00.000Z,1400.0,1250.0,1.48,1.43
78209,San Antonio,Bexar,TX,2025-11-21T00:00:00.000Z,1874.0,1568.0,1.59,1.52
78210,San Antonio,Bexar,TX,2025-11-21T00:00:00.000Z,1513.0,1350.0,1.42,1.31
78211,San Antonio,Bexar,TX,2025-11-21T00:00:00.000Z,1246.0,1250.0,1.12,1.1
78212,San Antonio,Bexar,TX,2025-11-21T00:00:00.000Z,1616.0,1395.0,1.42,1.4
78213,San Antonio,Bexar,TX,2025-11-21T00:00:00.000Z,1133.0,997.0,1.19,1.16
78214,San Antonio,Bexar,TX,2025-11-21T00:00:00.000Z,1088.0,980.0,1.14,1.21
78215,San Antonio,Bexar,TX,2025-11-21T00:00:00.000Z,1815.0,1723.0,2.09,2.12
78216,San Antonio,Bexar,TX,2025-11-21T00:00:00.000Z,1324.0,1249.0,1.39,1.34
78217,San Antonio,Bexar,TX,2025-11-21T00:00:00.000Z,1335.0,1176.0,1.23,1.19
78218,San Antonio,Bexar,TX,2025-11-21T00:00:00.000Z,1408.0,1450.0,1.25,1.22
78219,San Antonio,Bexar,TX,2025-11-21T00:00:00.000Z,1403.0,1475.0,1.16,1.16
78220,San Antonio,Bexar,TX,2025-11-21T00:00:00.000Z,1550.0,1475.0,1.15,1.14
78221,San Antonio,Bexar,TX,2025-11-21T00:00:00.000Z,1393.0,1445.0,1.13,1.09
78222,San Antonio,Bexar,TX,2025-11-21T00:00:00.000Z,1622.0,1599.0,1.06,1.04
78223,San Antonio,Bexar,TX,2025-11-21T00:00:00.000Z,1432.0,1495.0,1.19,1.14
78224,San Antonio,Bexar,TX,2025-11-21T00:00:00.000Z,1659.0,1690.0,1.08,1.06
78225,San Antonio,Bexar,TX,2025-11-21T00:00:00.000Z,1223.0,1199.0,1.36,1.34
78226,San Antonio,Bexar,TX,2025-11-21T00:00:00.000Z,1202.0,1250.0,1.04,1.06
78227,San Antonio,Bexar,TX,2025-11-21T00:00:00.000Z,1422.0,1550.0,1.21,1.19
78228,San Antonio,Bexar,TX,2025-11-21T00:00:00.000Z,1357.0,1350.0,1.26,1.2
78229,San Antonio,Bexar,TX,2025-11-21T00:00:00.000Z,1269.0,1173.0,1.31,1.27
78230,San Antonio,Bexar,TX,2025-11-21T00:00:00.000Z,1600.0,1480.0,1.36,1.33
78231,San Antonio,Bexar,TX,2025-11-21T00:00:00.000Z,1981.0,1895.0,1.3,1.24
78232,San Antonio,Bexar,TX,2025-11-21T00:00:00.000Z,1522.0,1347.0,1.38,1.31
78233,San Antonio,Bexar,TX,2025-11-21T00:00:00.000Z,1508.0,1450.0,1.23,1.18
78234,Jbsa Ft Sam Houston,Bexar,TX,2023-05-30T00:00:00.000Z,995.0,,,
78235,San Antonio,Bexar,TX,2025-11-21T00:00:00.000Z,1218.0,1117.0,1.55,1.49
78236,Jbsa Lackland,Bexar,TX,2023-03-23T00:00:00.000Z,1115.0,,,
78237,San Antonio,Bexar,TX,2025-11-21T00:00:00.000Z,1309.0,1350.0,1.28,1.21
78238,San Antonio,Bexar,TX,2025-11-21T00:00:00.000Z,1131.0,995.0,1.09,1.0
78239,San Antonio,Bexar,TX,2025-11-21T00:00:00.000Z,1474.0,1500.0,1.03,1.03
78240,San Antonio,Bexar,TX,2025-11-21T00:00:00.000Z,1494.0,1495.0,1.25,1.2
78241,San Antonio,Bexar,TX,2025-01-04T00:00:00.000Z,1400.0,1400.0,1.19,1.19
78242,San Antonio,Bexar,TX,2025-11-21T00:00:00.000Z,1524.0,1500.0,1.12,1.07
78244,San Antonio,Bexar,TX,2025-11-21T00:00:00.000Z,1559.0,1545.0,1.08,1.06
78245,San Antonio,Bexar,TX,2025-11-21T00:00:00.000Z,1760.0,1725.0,1.06,0.99
78247,San Antonio,Bexar,TX,2025-11-21T00:00:00.000Z,1675.0,1650.0,1.25,1.23
78248,San Antonio,Bexar,TX,2025-11-21T00:00:00.000Z,2627.0,2750.0,1.23,1.21
78249,San Antonio,Bexar,TX,2025-11-21T00:00:00.000Z,1716.0,1723.0,1.32,1.28
78250,San Antonio,Bexar,TX,2025-11-21T00:00:00.000Z,1511.0,1495.0,1.24,1.22
78251,San Antonio,Bexar,TX,2025-11-21T00:00:00.000Z,1601.0,1550.0,1.29,1.28
78252,San Antonio,Bexar,TX,2025-11-21T00:00:00.000Z,1681.0,1650.0,1.05,1.04
78253,San Antonio,Bexar,TX,2025-11-21T00:00:00.000Z,1838.0,1795.0,1.06,1.01
78254,San Antonio,Bexar,TX,2025-11-21T00:00:00.000Z,1926.0,1895.0,1.02,1.0
78255,San Antonio,Bexar,TX,2025-11-21T00:00:00.000Z,2398.0,2351.0,1.38,1.24
78256,San Antonio,Bexar,TX,2025-11-21T00:00:00.000Z,2078.0,1860.0,1.59,1.62
78257,San Antonio,Bexar,TX,2025-11-21T00:00:00.000Z,2693.0,2076.0,1.57,1.56
78258,San Antonio,Bexar,TX,2025-11-21T00:00:00.000Z,2138.0,2150.0,1.31,1.32
78259,San Antonio,Bexar,TX,2025-11-21T00:00:00.000Z,2079.0,2095.0,1.46,1.33
78260,San Antonio,Bexar,TX,2025-11-21T00:00:00.000Z,2139.0,2000.0,1.26,1.27
78261,San Antonio,Bexar,TX,2025-11-21T00:00:00.000Z,2418.0,2275.0,1.06,1.03
78263,San Antonio,Bexar,TX,2025-11-21T00:00:00.000Z,1333.0,1400.0,1.27,1.18
78264,San Antonio,Bexar,TX,2025-11-21T00:00:00.000Z,1541.0,1450.0,1.11,1.05
78266,San Antonio,Comal,TX,2025-11-21T00:00:00.000Z,2530.0,2395.0,1.07,1.06
78268,San Antonio,Bexar,TX,,,,,
78283,San Antonio,Bexar,TX,,,,,
78284,San Antonio,Bexar,TX,2025-08-25T00:00:00.000Z,1850.0,1850.0,1.61,1.61
78330,Agua Dulce,Nueces,TX,2023-06-05T00:00:00.000Z,800.0,,,
78332,Alice,Jim Wells,TX,2025-11-21T00:00:00.000Z,1266.0,995.0,1.05,1.06
78333,Alice,Jim Wells,TX,,,,,
78335,Aransas Pass,San Patricio,TX,,,,,
78336,Aransas Pass,San Patricio,TX,2025-11-21T00:00:00.000Z,1272.0,1100.0,1.49,1.4
78339,Banquete,Nueces,TX,2025-01-24T00:00:00.000Z,1100.0,1100.0,1.09,1.09
78340,Bayside,Refugio,TX,2025-06-29T00:00:00.000Z,1800.0,1800.0,1.97,1.97
78341,Benavides,Duval,TX,,,,,
78342,Ben Bolt,Jim Wells,TX,,,,,
78343,Bishop,Nueces,TX,2025-11-21T00:00:00.000Z,1350.0,1350.0,1.15,1.15
78344,Bruni,Webb,TX,,,,,
78349,Concepcion,Duval,TX,,,,,
78351,Driscoll,Nueces,TX,2025-10-17T00:00:00.000Z,1600.0,1600.0,1.28,1.28
78352,Edroy,San Patricio,TX,,,,,
78353,Encino,Brooks,TX,,,,,
78355,Falfurrias,Brooks,TX,2025-11-21T00:00:00.000Z,1080.0,985.0,0.5,0.46
78357,Freer,Duval,TX,2025-11-21T00:00:00.000Z,548.0,548.0,,
78358,Fulton,Aransas,TX,2025-11-21T00:00:00.000Z,1367.0,1300.0,2.98,4.06
78359,Gregory,San Patricio,TX,2025-11-21T00:00:00.000Z,1930.0,1550.0,1.38,1.21
78360,Guerra,Jim Hogg,TX,2025-11-21T00:00:00.000Z,1500.0,1500.0,0.76,0.76
78361,Hebbronville,Jim Hogg,TX,2025-11-21T00:00:00.000Z,702.0,700.0,0.97,0.97
78362,Ingleside,San Patricio,TX,2025-11-21T00:00:00.000Z,1498.0,1450.0,1.4,1.43
78363,Kingsville,Kleberg,TX,2025-11-21T00:00:00.000Z,1190.0,950.0,1.03,1.03
78364,Kingsville,Kleberg,TX,2024-07-03T00:00:00.000Z,2100.0,,,
78368,Mathis,San Patricio,TX,2025-11-21T00:00:00.000Z,1321.0,1000.0,1.03,1.02
78369,Mirando City,Webb,TX,,,,,
78370,Odem,San Patricio,TX,2025-11-21T00:00:00.000Z,1610.0,1450.0,1.14,1.26
78371,Oilton,Webb,TX,,,,,
78372,Orange Grove,Jim Wells,TX,2025-11-21T00:00:00.000Z,1216.0,1450.0,1.34,1.3
78373,Port Aransas,Nueces,TX,2025-11-21T00:00:00.000Z,3797.0,3200.0,2.65,2.45
78374,Portland,San Patricio,TX,2025-11-21T00:00:00.000Z,1982.0,1895.0,1.29,1.29
78375,Premont,Jim Wells,TX,2025-11-21T00:00:00.000Z,1375.0,1375.0,0.47,0.47
78376,Realitos,Duval,TX,2020-06-29T00:00:05.286Z,900.0,,,
78377,Refugio,Refugio,TX,2025-11-21T00:00:00.000Z,711.0,711.0,,
78379,Riviera,Kleberg,TX,2025-01-05T00:00:00.000Z,1350.0,1350.0,0.97,0.97
78380,Robstown,Nueces,TX,2025-11-21T00:00:00.000Z,1352.0,1100.0,0.97,1.13
78381,Rockport,Aransas,TX,2025-11-21T00:00:00.000Z,1600.0,1600.0,1.49,1.49
78382,Rockport,Aransas,TX,2025-11-21T00:00:00.000Z,1757.0,1600.0,1.59,1.41
78383,Sandia,Jim Wells,TX,2025-11-21T00:00:00.000Z,1254.0,1100.0,1.26,1.1
78384,San Diego,Duval,TX,2025-11-21T00:00:00.000Z,701.0,622.0,1.42,1.42
78385,Sarita,Kenedy,TX,,,,,
78387,Sinton,San Patricio,TX,2025-11-21T00:00:00.000Z,1041.0,864.0,1.2,1.14
78389,Skidmore,Bee,TX,2025-11-21T00:00:00.000Z,1700.0,1700.0,0.89,0.89
78390,Taft,San Patricio,TX,2025-11-21T00:00:00.000Z,1379.0,1150.0,1.11,1.11
78391,Tynan,Bee,TX,2020-05-11T00:00:03.928Z,750.0,,,
78393,Woodsboro,Refugio,TX,2025-11-21T00:00:00.000Z,900.0,900.0,0.5,0.5
78401,Corpus Christi,Nueces,TX,2025-11-21T00:00:00.000Z,1108.0,850.0,1.71,1.57
78402,Corpus Christi,Nueces,TX,2025-11-21T00:00:00.000Z,1555.0,1450.0,2.39,2.21
78404,Corpus Christi,Nueces,TX,2025-11-21T00:00:00.000Z,1317.0,1100.0,1.12,1.19
78405,Corpus Christi,Nueces,TX,2025-11-21T00:00:00.000Z,1013.0,950.0,1.13,1.19
78406,Corpus Christi,Nueces,TX,2025-11-21T00:00:00.000Z,760.0,650.0,0.81,0.65
78407,Corpus Christi,Nueces,TX,2025-11-21T00:00:00.000Z,878.0,883.0,1.18,1.18
78408,Corpus Christi,Nueces,TX,2025-11-21T00:00:00.000Z,1065.0,899.0,1.05,1.08
78409,Corpus Christi,Nueces,TX,2025-11-21T00:00:00.000Z,1500.0,1299.0,1.02,0.98
78410,Corpus Christi,Nueces,TX,2025-11-21T00:00:00.000Z,1812.0,1770.0,1.38,1.35
78411,Corpus Christi,Nueces,TX,2025-11-21T00:00:00.000Z,1863.0,1495.0,1.44,1.31
78412,Corpus Christi,Nueces,TX,2025-11-21T00:00:00.000Z,1640.0,1595.0,1.38,1.31
78413,Corpus Christi,Nueces,TX,2025-11-21T00:00:00.000Z,1995.0,1875.0,1.24,1.15
78414,Corpus Christi,Nueces,TX,2025-11-21T00:00:00.000Z,2235.0,2200.0,1.3,1.28
78415,Corpus Christi,Nueces,TX,2025-11-21T00:00:00.000Z,1898.0,1800.0,1.3,1.35
78416,Corpus Christi,Nueces,TX,2025-11-21T00:00:00.000Z,1081.0,1250.0,1.3,1.25
78417,Corpus Christi,Nueces,TX,2025-11-21T00:00:00.000Z,1769.0,1950.0,1.28,1.38
78418,Corpus Christi,Nueces,TX,2025-11-21T00:00:00.000Z,2223.0,2200.0,1.69,1.48
78501,Mcallen,Hidalgo,TX,2025-11-21T00:00:00.000Z,1361.0,1250.0,1.06,1.06
78502,Mcallen,Hidalgo,TX,2024-10-13T00:00:00.000Z,1750.0,1750.0,1.08,1.08
78503,Mcallen,Hidalgo,TX,2025-11-21T00:00:00.000Z,1481.0,1350.0,1.09,1.1
78504,Mcallen,Hidalgo,TX,2025-11-21T00:00:00.000Z,1547.0,1295.0,1.13,1.14
78505,Mcallen,Hidalgo,TX,,,,,
78516,Alamo,Hidalgo,TX,2025-11-21T00:00:00.000Z,1165.0,1150.0,1.16,1.07
78520,Brownsville,Cameron,TX,2025-11-21T00:00:00.000Z,1584.0,1600.0,1.33,1.25
78521,Brownsville,Cameron,TX,2025-11-21T00:00:00.000Z,1425.0,1300.0,1.2,1.14
78522,Brownsville,Cameron,TX,2024-12-02T00:00:00.000Z,2200.0,2200.0,0.88,0.88
78523,Brownsville,Cameron,TX,2025-07-20T00:00:00.000Z,1850.0,1850.0,1.13,1.13
78526,Brownsville,Cameron,TX,2025-11-21T00:00:00.000Z,1995.0,1850.0,1.34,1.31
78535,Combes,Cameron,TX,2025-11-21T00:00:00.000Z,900.0,900.0,0.85,0.85
78536,Delmita,Starr,TX,,,,,
78537,Donna,Hidalgo,TX,2025-11-21T00:00:00.000Z,921.0,799.0,1.25,0.92
78538,Edcouch,Hidalgo,TX,2025-11-21T00:00:00.000Z,996.0,749.0,1.09,1.06
78539,Edinburg,Hidalgo,TX,2025-11-21T00:00:00.000Z,1320.0,1150.0,0.99,0.99
78540,Edinburg,Hidalgo,TX,2025-11-21T00:00:00.000Z,1450.0,1400.0,0.98,0.97
78541,Edinburg,Hidalgo,TX,2025-11-21T00:00:00.000Z,1117.0,1050.0,1.01,1.04
78542,Edinburg,Hidalgo,TX,2025-11-21T00:00:00.000Z,1300.0,1200.0,1.01,1.11
78543,Elsa,Hidalgo,TX,2025-11-21T00:00:00.000Z,964.0,900.0,0.56,0.91
78545,Falcon Heights,Starr,TX,,,,,
78547,Garciasville,Starr,TX,,,,,
78548,Grulla,Starr,TX,,,,,
78549,Hargill,Hidalgo,TX,2023-02-23T00:00:00.000Z,1200.0,,,
78550,Harlingen,Cameron,TX,2025-11-21T00:00:00.000Z,1180.0,1100.0,1.12,1.1
78551,Harlingen,Cameron,TX,2025-08-29T00:00:00.000Z,1300.0,1300.0,1.19,1.19
78552,Harlingen,Cameron,TX,2025-11-21T00:00:00.000Z,1736.0,1700.0,1.14,1.12
78553,Harlingen,Cameron,TX,,,,,
78557,Hidalgo,Hidalgo,TX,2025-11-21T00:00:00.000Z,1510.0,1350.0,0.98,0.91
78558,La Blanca,Hidalgo,TX,2023-09-24T00:00:00.000Z,900.0,,,
78559,La Feria,Cameron,TX,2025-11-21T00:00:00.000Z,1269.0,1175.0,1.18,1.14
78560,La Joya,Hidalgo,TX,2025-11-21T00:00:00.000Z,1096.0,950.0,0.98,1.04
78561,Lasara,Willacy,TX,,,,,
78562,La Villa,Hidalgo,TX,2025-11-21T00:00:00.000Z,684.0,668.0,1.12,1.12
78563,Linn,Hidalgo,TX,,,,,
78564,Lopeno,Zapata,TX,2022-05-31T00:00:02.568Z,750.0,,,
78565,Los Ebanos,Hidalgo,TX,,,,,
78566,Los Fresnos,Cameron,TX,2025-11-21T00:00:00.000Z,1738.0,1500.0,1.27,1.25
78567,Los Indios,Cameron,TX,2025-05-07T00:00:00.000Z,1550.0,1550.0,0.81,0.81
78568,Lozano,Cameron,TX,2025-07-26T00:00:00.000Z,2300.0,2300.0,0.96,0.96
78569,Lyford,Willacy,TX,2025-09-28T00:00:00.000Z,1750.0,1750.0,0.99,0.99
78570,Mercedes,Hidalgo,TX,2025-11-21T00:00:00.000Z,1090.0,995.0,1.06,1.04
78572,Mission,Hidalgo,TX,2025-11-21T00:00:00.000Z,1536.0,1350.0,1.11,1.12
78573,Mission,Hidalgo,TX,2025-11-21T00:00:00.000Z,1199.0,1100.0,1.01,1.06
78574,Mission,Hidalgo,TX,2025-11-21T00:00:00.000Z,1717.0,1580.0,1.03,1.02
78575,Olmito,Cameron,TX,2025-11-21T00:00:00.000Z,1850.0,1800.0,1.21,1.18
78576,Penitas,Hidalgo,TX,2025-11-21T00:00:00.000Z,846.0,760.0,1.09,1.09
78577,Pharr,Hidalgo,TX,2025-11-21T00:00:00.000Z,1247.0,1200.0,1.01,1.06
78578,Port Isabel,Cameron,TX,2025-11-21T00:00:00.000Z,2387.0,2200.0,1.98,1.78
78579,Progreso,Hidalgo,TX,2025-11-21T00:00:00.000Z,838.0,700.0,0.83,0.72
78580,Raymondville,Willacy,TX,2025-11-21T00:00:00.000Z,830.0,830.0,0.86,0.86
78582,Rio Grande City,Starr,TX,2025-11-21T00:00:00.000Z,1043.0,1100.0,0.77,0.77
78583,Rio Hondo,Cameron,TX,2025-11-21T00:00:00.000Z,1272.0,1000.0,0.99,1.29
78584,Roma,Starr,TX,2025-11-21T00:00:00.000Z,626.0,575.0,0.69,0.72
78586,San Benito,Cameron,TX,2025-11-21T00:00:00.000Z,1322.0,1050.0,1.16,1.1
78588,San Isidro,Starr,TX,,,,,
78589,San Juan,Hidalgo,TX,2025-11-21T00:00:00.000Z,1324.0,1250.0,0.95,1.09
78590,San Perlita,Willacy,TX,,,,,
78591,Santa Elena,Starr,TX,,,,,
78592,Santa Maria,Cameron,TX,,,,,
78593,Santa Rosa,Cameron,TX,2025-11-21T00:00:00.000Z,1350.0,1300.0,0.91,0.61
78594,Sebastian,Willacy,TX,2025-06-16T00:00:00.000Z,1350.0,1350.0,1.21,1.21
78595,Sullivan City,Hidalgo,TX,2021-07-25T02:21:53.408Z,1200.0,,,
78596,Weslaco,Hidalgo,TX,2025-11-21T00:00:00.000Z,1152.0,1125.0,1.08,1.08
78597,South Padre Island,Cameron,TX,2025-11-21T00:00:00.000Z,3560.0,2800.0,2.48,2.25
78598,Port Mansfield,Willacy,TX,,,,,
78599,Weslaco,Hidalgo,TX,2025-11-21T00:00:00.000Z,1259.0,1150.0,1.03,1.12
78602,Bastrop,Bastrop,TX,2025-11-21T00:00:00.000Z,2013.0,1900.0,1.36,1.26
78604,Belmont,Gonzales,TX,2024-01-06T00:00:00.000Z,2100.0,,,
78605,Bertram,Burnet,TX,2025-11-21T00:00:00.000Z,1606.0,1800.0,1.34,1.2
78606,Blanco,Blanco,TX,2025-11-21T00:00:00.000Z,1925.0,1650.0,1.61,1.38
78607,Bluffton,Llano,TX,2025-08-15T00:00:00.000Z,1950.0,1950.0,0.89,0.89
78608,Briggs,Burnet,TX,2025-08-23T00:00:00.000Z,1000.0,1000.0,,
78609,Buchanan Dam,Llano,TX,2025-11-21T00:00:00.000Z,1592.0,1095.0,1.19,1.09
78610,Buda,Hays,TX,2025-11-21T00:00:00.000Z,1957.0,1945.0,1.22,1.21
78611,Burnet,Burnet,TX,2025-11-21T00:00:00.000Z,1819.0,1700.0,1.27,1.32
78612,Cedar Creek,Bastrop,TX,2025-11-21T00:00:00.000Z,1842.0,1700.0,1.41,1.36
78613,Cedar Park,Williamson,TX,2025-11-21T00:00:00.000Z,2121.0,1995.0,1.2,1.16
78614,Cost,Gonzales,TX,2024-06-29T00:00:00.000Z,1250.0,,,
78615,Coupland,Williamson,TX,2025-11-21T00:00:00.000Z,2550.0,1600.0,1.65,1.32
78616,Dale,Caldwell,TX,2025-11-21T00:00:00.000Z,1899.0,1995.0,1.13,1.14
78617,Del Valle,Travis,TX,2025-11-21T00:00:00.000Z,1777.0,1800.0,1.28,1.18
78618,Doss,Gillespie,TX,2024-09-17T00:00:00.000Z,950.0,950.0,1.13,1.13
78619,Driftwood,Hays,TX,2025-11-21T00:00:00.000Z,3761.0,3418.0,1.45,1.47
78620,Dripping Springs,Hays,TX,2025-11-21T00:00:00.000Z,3305.0,3000.0,1.45,1.36
78621,Elgin,Bastrop,TX,2025-11-21T00:00:00.000Z,1712.0,1760.0,1.19,1.13
78622,Fentress,Caldwell,TX,2025-08-08T00:00:00.000Z,1400.0,1400.0,1.5,1.5
78623,Fischer,Comal,TX,2025-11-21T00:00:00.000Z,2142.0,2400.0,1.24,1.32
78624,Fredericksburg,Gillespie,TX,2025-11-21T00:00:00.000Z,2330.0,2000.0,1.89,1.66
78626,Georgetown,Williamson,TX,2025-11-21T00:00:00.000Z,1734.0,1795.0,1.24,1.22
78628,Georgetown,Williamson,TX,2025-11-21T00:00:00.000Z,2020.0,2000.0,1.15,1.13
78629,Gonzales,Gonzales,TX,2025-11-21T00:00:00.000Z,1097.0,1250.0,1.21,1.18
78630,Cedar Park,Williamson,TX,,,,,
78631,Harper,Gillespie,TX,2025-11-21T00:00:00.000Z,1614.0,1650.0,,
78632,Harwood,Gonzales,TX,2022-03-26T00:00:02.002Z,675.0,,,
78633,Georgetown,Williamson,TX,2025-11-21T00:00:00.000Z,2075.0,2000.0,1.23,1.25
78634,Hutto,Williamson,TX,2025-11-21T00:00:00.000Z,1929.0,1900.0,1.18,1.13
78635,Hye,Blanco,TX,,,,,
78636,Johnson City,Blanco,TX,2025-11-21T00:00:00.000Z,1808.0,1595.0,1.61,1.28
78638,Kingsbury,Guadalupe,TX,2025-11-21T00:00:00.000Z,1792.0,1500.0,1.47,1.12
78639,Kingsland,Llano,TX,2025-11-21T00:00:00.000Z,1497.0,1095.0,1.21,1.17
78640,Kyle,Hays,TX,2025-11-21T00:00:00.000Z,1835.0,1825.0,1.22,1.14
78641,Leander,Williamson,TX,2025-11-21T00:00:00.000Z,2061.0,1995.0,1.19,1.15
78642,Liberty Hill,Williamson,TX,2025-11-21T00:00:00.000Z,2277.0,2150.0,1.19,1.08
78643,Llano,Llano,TX,2025-11-21T00:00:00.000Z,1342.0,799.0,1.41,1.17
78644,Lockhart,Caldwell,TX,2025-11-21T00:00:00.000Z,1549.0,1499.0,1.33,1.23
78645,Leander,Travis,TX,2025-11-21T00:00:00.000Z,2468.0,2100.0,1.39,1.29
78648,Luling,Caldwell,TX,2025-11-21T00:00:00.000Z,1370.0,1300.0,1.15,1.15
78650,Mc Dade,Bastrop,TX,2025-11-21T00:00:00.000Z,1900.0,1800.0,1.35,1.2
78652,Manchaca,Travis,TX,2025-11-21T00:00:00.000Z,2309.0,2200.0,1.46,1.45
78653,Manor,Travis,TX,2025-11-21T00:00:00.000Z,1848.0,1850.0,1.27,1.21
78654,Marble Falls,Burnet,TX,2025-11-21T00:00:00.000Z,1749.0,1722.0,1.59,1.6
78655,Martindale,Caldwell,TX,2025-11-21T00:00:00.000Z,1264.0,1100.0,1.05,1.16
78656,Maxwell,Caldwell,TX,2025-11-21T00:00:00.000Z,1784.0,1775.0,1.17,1.11
78657,Horseshoe Bay,Llano,TX,2025-11-21T00:00:00.000Z,2506.0,2200.0,1.56,1.38
78659,Paige,Bastrop,TX,2025-11-21T00:00:00.000Z,1382.0,1525.0,1.08,1.19
78660,Pflugerville,Travis,TX,2025-11-21T00:00:00.000Z,1991.0,2000.0,1.24,1.2
78661,Prairie Lea,Caldwell,TX,2024-09-29T00:00:00.000Z,1999.0,1999.0,1.56,1.56
78662,Red Rock,Bastrop,TX,2025-11-21T00:00:00.000Z,1370.0,850.0,1.41,1.42
78663,Round Mountain,Blanco,TX,2025-11-21T00:00:00.000Z,5225.0,4950.0,1.39,1.31
78664,Round Rock,Williamson,TX,2025-11-21T00:00:00.000Z,1746.0,1795.0,1.25,1.26
78665,Round Rock,Williamson,TX,2025-11-21T00:00:00.000Z,2157.0,2095.0,1.16,1.11
78666,San Marcos,Hays,TX,2025-11-21T00:00:00.000Z,1558.0,1500.0,1.25,1.23
78669,Spicewood,Travis,TX,2025-11-21T00:00:00.000Z,3830.0,3500.0,1.89,1.62
78670,Staples,Guadalupe,TX,2025-11-21T00:00:00.000Z,1350.0,1350.0,2.82,2.25
78671,Stonewall,Gillespie,TX,2025-11-21T00:00:00.000Z,2600.0,3000.0,,
78672,Tow,Llano,TX,2025-11-21T00:00:00.000Z,1228.0,1195.0,1.71,1.0
78674,Weir,Williamson,TX,2023-12-19T00:00:00.000Z,1595.0,,,
78675,Willow City,Gillespie,TX,,,,,
78676,Wimberley,Hays,TX,2025-11-21T00:00:00.000Z,2240.0,1775.0,1.53,1.42
78677,Wrightsboro,Gonzales,TX,,,,,
78681,Round Rock,Williamson,TX,2025-11-21T00:00:00.000Z,2081.0,1995.0,1.24,1.17
78704,Austin,Travis,TX,2025-11-21T00:00:00.000Z,2621.0,1995.0,2.29,2.23
78705,Austin,Travis,TX,2025-11-21T00:00:00.000Z,2045.0,1595.0,2.27,2.22
78708,Austin,Travis,TX,,,,,
78717,Austin,Williamson,TX,2025-11-21T00:00:00.000Z,2273.0,2295.0,1.4,1.22
78719,Austin,Travis,TX,2025-11-21T00:00:00.000Z,1400.0,1400.0,3.5,3.5
78721,Austin,Travis,TX,2025-11-21T00:00:00.000Z,2425.0,2199.0,1.95,1.88
78722,Austin,Travis,TX,2025-11-21T00:00:00.000Z,1706.0,1300.0,1.98,2.02
78723,Austin,Travis,TX,2025-11-21T00:00:00.000Z,2112.0,1995.0,1.79,1.72
78724,Austin,Travis,TX,2025-11-21T00:00:00.000Z,1914.0,1900.0,1.38,1.33
78725,Austin,Travis,TX,2025-11-21T00:00:00.000Z,1827.0,1750.0,1.26,1.24
78726,Austin,Travis,TX,2025-11-21T00:00:00.000Z,2689.0,2650.0,1.3,1.29
78727,Austin,Travis,TX,2025-11-21T00:00:00.000Z,1876.0,1850.0,1.42,1.39
78728,Austin,Travis,TX,2025-11-21T00:00:00.000Z,1831.0,1950.0,1.32,1.26
78729,Austin,Williamson,TX,2025-11-21T00:00:00.000Z,1752.0,1695.0,1.27,1.26
78730,Austin,Travis,TX,2025-11-21T00:00:00.000Z,2352.0,1850.0,1.75,1.64
78731,Austin,Travis,TX,2025-11-21T00:00:00.000Z,2551.0,1795.0,1.69,1.65
78732,Austin,Travis,TX,2025-11-21T00:00:00.000Z,3909.0,3500.0,1.48,1.36
78733,Austin,Travis,TX,2025-11-21T00:00:00.000Z,3545.0,3300.0,1.72,1.73
78734,Austin,Travis,TX,2025-11-21T00:00:00.000Z,2953.0,2750.0,1.58,1.57
78735,Austin,Travis,TX,2025-11-21T00:00:00.000Z,2380.0,1675.0,1.71,1.56
78736,Austin,Travis,TX,2025-11-21T00:00:00.000Z,2256.0,1832.0,1.49,1.49
78737,Austin,Hays,TX,2025-11-21T00:00:00.000Z,3441.0,3250.0,1.49,1.3
78738,Austin,Travis,TX,2025-11-21T00:00:00.000Z,3687.0,3300.0,1.51,1.52
78739,Austin,Travis,TX,2025-11-21T00:00:00.000Z,3408.0,3200.0,1.3,1.26
78741,Austin,Travis,TX,2025-11-21T00:00:00.000Z,1532.0,1274.0,1.65,1.5
78742,Austin,Travis,TX,2025-11-21T00:00:00.000Z,1600.0,1600.0,2.29,2.29
78744,Austin,Travis,TX,2025-11-21T00:00:00.000Z,1992.0,1995.0,1.39,1.35
78745,Austin,Travis,TX,2025-11-21T00:00:00.000Z,1913.0,1750.0,1.68,1.63
78746,Austin,Travis,TX,2025-11-21T00:00:00.000Z,3782.0,3150.0,2.19,2.04
78747,Austin,Travis,TX,2025-11-21T00:00:00.000Z,2182.0,2150.0,1.24,1.19
78748,Austin,Travis,TX,2025-11-21T00:00:00.000Z,1891.0,1930.0,1.36,1.35
78749,Austin,Travis,TX,2025-11-21T00:00:00.000Z,2471.0,2550.0,1.52,1.5
78750,Austin,Travis,TX,2025-11-21T00:00:00.000Z,2040.0,1900.0,1.38,1.27
78751,Austin,Travis,TX,2025-11-21T00:00:00.000Z,2339.0,1900.0,2.1,2.03
78752,Austin,Travis,TX,2025-11-21T00:00:00.000Z,1489.0,1295.0,1.78,1.8
78753,Austin,Travis,TX,2025-11-21T00:00:00.000Z,1529.0,1340.0,1.48,1.45
78754,Austin,Travis,TX,2025-11-21T00:00:00.000Z,2072.0,2045.0,1.46,1.27
78756,Austin,Travis,TX,2025-11-21T00:00:00.000Z,2078.0,1750.0,2.06,1.98
78757,Austin,Travis,TX,2025-11-21T00:00:00.000Z,2068.0,1750.0,1.89,1.85
78758,Austin,Travis,TX,2025-11-21T00:00:00.000Z,1657.0,1500.0,1.69,1.56
78759,Austin,Travis,TX,2025-11-21T00:00:00.000Z,1846.0,1600.0,1.56,1.49
78760,Austin,Travis,TX,2025-11-21T00:00:00.000Z,2850.0,2850.0,1.44,1.44
78761,Austin,Travis,TX,2025-02-06T00:00:00.000Z,1535.0,1535.0,2.15,2.15
78764,Austin,Travis,TX,2025-03-09T00:00:00.000Z,1350.0,1350.0,1.02,1.02
78773,Austin,Travis,TX,,,,,
78801,Uvalde,Uvalde,TX,2025-11-21T00:00:00.000Z,1412.0,1200.0,1.14,1.07
78827,Asherton,Dimmit,TX,2025-03-01T00:00:00.000Z,1500.0,1500.0,0.65,0.65
78828,Barksdale,Edwards,TX,,,,,
78829,Batesville,Zavala,TX,,,,,
78830,Big Wells,Dimmit,TX,2022-03-05T00:00:02.482Z,1800.0,,,
78832,Brackettville,Kinney,TX,2025-11-21T00:00:00.000Z,1208.0,1500.0,0.73,0.5
78833,Camp Wood,Real,TX,,,,,
78834,Carrizo Springs,Dimmit,TX,2025-11-21T00:00:00.000Z,1415.0,1200.0,1.27,1.2
78836,Catarina,Dimmit,TX,,,,,
78837,Comstock,Val Verde,TX,2025-03-18T00:00:00.000Z,1400.0,1400.0,0.96,0.96
78838,Concan,Uvalde,TX,2025-03-23T00:00:00.000Z,1600.0,1600.0,1.19,1.19
78839,Crystal City,Zavala,TX,2025-11-21T00:00:00.000Z,867.0,700.0,0.99,1.04
78840,Del Rio,Val Verde,TX,2025-11-21T00:00:00.000Z,1451.0,1350.0,1.02,1.05
78841,Del Rio,Val Verde,TX,,,,,
78843,Laughlin AFB,Val Verde,TX,,,,,
78850,D Hanis,Medina,TX,2025-11-21T00:00:00.000Z,600.0,600.0,0.67,0.67
78851,Dryden,Terrell,TX,,,,,
78852,Eagle Pass,Maverick,TX,2025-11-21T00:00:00.000Z,1416.0,1400.0,1.15,1.17
78853,Eagle Pass,Maverick,TX,2021-12-23T00:00:02.296Z,1100.0,,,
78860,El Indio,Maverick,TX,,,,,
78861,Hondo,Medina,TX,2025-11-21T00:00:00.000Z,1363.0,1250.0,1.13,1.07
78870,Knippa,Uvalde,TX,2025-03-08T00:00:00.000Z,1100.0,1100.0,0.99,0.99
78871,Langtry,Val Verde,TX,,,,,
78872,La Pryor,Zavala,TX,2025-11-21T00:00:00.000Z,1700.0,1700.0,0.75,0.75
78873,Leakey,Real,TX,2025-11-21T00:00:00.000Z,2200.0,2200.0,0.95,0.95
78877,Quemado,Maverick,TX,2025-11-21T00:00:00.000Z,1500.0,1500.0,1.01,1.01
78879,Rio Frio,Real,TX,2025-10-22T00:00:00.000Z,650.0,650.0,0.93,0.93
78880,Rocksprings,Edwards,TX,,,,,
78881,Sabinal,Uvalde,TX,2025-11-21T00:00:00.000Z,525.0,525.0,,
78883,Tarpley,Bandera,TX,2025-07-05T00:00:00.000Z,1100.0,1100.0,1.96,1.96
78884,Utopia,Uvalde,TX,2024-12-28T00:00:00.000Z,1100.0,1100.0,1.83,1.83
78885,Vanderpool,Bandera,TX,,,,,
78886,Yancey,Medina,TX,2023-08-23T00:00:00.000Z,2500.0,,,
78931,Bleiblerville,Austin,TX,,,,,
78932,Carmine,Fayette,TX,2021-01-09T12:00:06.921Z,900.0,,,
78933,Cat Spring,Austin,TX,2025-11-21T00:00:00.000Z,1717.0,1950.0,1.67,1.67
78934,Columbus,Colorado,TX,2025-11-21T00:00:00.000Z,2067.0,1700.0,1.1,1.16
78935,Alleyton,Colorado,TX,2025-11-21T00:00:00.000Z,1650.0,1650.0,1.36,1.36
78938,Ellinger,Fayette,TX,2025-05-17T00:00:00.000Z,550.0,550.0,0.57,0.57
78940,Fayetteville,Fayette,TX,2025-11-21T00:00:00.000Z,2169.0,1200.0,2.11,1.73
78941,Flatonia,Fayette,TX,2025-11-21T00:00:00.000Z,1479.0,1350.0,1.55,1.36
78942,Giddings,Lee,TX,2025-11-21T00:00:00.000Z,1400.0,900.0,1.15,1.15
78943,Glidden,Colorado,TX,2025-10-26T00:00:00.000Z,1800.0,1800.0,1.01,1.01
78944,Industry,Austin,TX,2023-02-25T00:00:00.000Z,950.0,,,
78945,La Grange,Fayette,TX,2025-11-21T00:00:00.000Z,2029.0,1500.0,1.29,1.19
78946,Ledbetter,Fayette,TX,2025-11-21T00:00:00.000Z,3250.0,3250.0,2.19,2.19
78947,Lexington,Lee,TX,2025-11-21T00:00:00.000Z,1567.0,1200.0,1.17,1.14
78948,Lincoln,Lee,TX,2025-04-11T00:00:00.000Z,1800.0,1800.0,1.03,1.03
78949,Muldoon,Fayette,TX,,,,,
78950,New Ulm,Austin,TX,2025-11-21T00:00:00.000Z,1750.0,1600.0,1.61,1.56
78951,Oakland,Colorado,TX,,,,,
78952,Plum,Fayette,TX,2025-11-21T00:00:00.000Z,1200.0,1200.0,1.06,1.06
78953,Rosanky,Bastrop,TX,2025-11-21T00:00:00.000Z,5500.0,5500.0,1.5,1.5
78954,Round Top,Fayette,TX,2025-11-21T00:00:00.000Z,3850.0,3850.0,1.94,1.94
78956,Schulenburg,Fayette,TX,2025-09-25T00:00:00.000Z,1129.0,1051.0,0.81,0.75
78957,Smithville,Bastrop,TX,2025-11-21T00:00:00.000Z,1568.0,1450.0,1.42,1.25
78959,Waelder,Gonzales,TX,2025-09-24T00:00:00.000Z,1200.0,1200.0,,
78960,Warda,Fayette,TX,,,,,
78961,Warrenton,Fayette,TX,,,,,
78962,Weimar,Colorado,TX,2025-11-03T00:00:00.000Z,742.0,742.0,1.19,1.19
78963,West Point,Fayette,TX,2025-11-21T00:00:00.000Z,1500.0,1500.0,1.13,1.13
79001,Adrian,Oldham,TX,,,,,
79002,Alanreed,Gray,TX,2022-11-08T00:00:02.589Z,1215.0,,,
79003,Allison,Wheeler,TX,,,,,
79005,Booker,Lipscomb,TX,,,,,
79007,Borger,Hutchinson,TX,2025-11-21T00:00:00.000Z,859.0,700.0,0.97,1.0
79009,Bovina,Parmer,TX,,,,,
79010,Boys Ranch,Oldham,TX,2025-09-22T00:00:00.000Z,900.0,900.0,0.85,0.85
79012,Bushland,Potter,TX,2024-06-02T00:00:00.000Z,2695.0,,,
79013,Cactus,Moore,TX,,,,,
79014,Canadian,Hemphill,TX,2024-11-04T00:00:00.000Z,550.0,550.0,,
79015,Canyon,Randall,TX,2025-11-21T00:00:00.000Z,1356.0,1050.0,1.14,1.17
79018,Channing,Hartley,TX,,,,,
79019,Claude,Armstrong,TX,2025-08-25T00:00:00.000Z,1295.0,1295.0,1.16,1.16
79022,Dalhart,Dallam,TX,2025-11-10T00:00:00.000Z,1850.0,1850.0,1.03,1.03
79024,Darrouzett,Lipscomb,TX,,,,,
79027,Dimmitt,Castro,TX,2023-12-13T00:00:00.000Z,995.0,,,
79029,Dumas,Moore,TX,2025-11-21T00:00:00.000Z,1500.0,1500.0,1.26,1.26
79031,Earth,Lamb,TX,,,,,
79032,Edmonson,Hale,TX,,,,,
79033,Farnsworth,Ochiltree,TX,,,,,
79034,Follett,Lipscomb,TX,,,,,
79035,Friona,Parmer,TX,2025-11-21T00:00:00.000Z,773.0,800.0,0.92,0.84
79036,Fritch,Hutchinson,TX,2025-09-04T00:00:00.000Z,850.0,850.0,0.73,0.73
79039,Groom,Carson,TX,2025-01-31T00:00:00.000Z,450.0,450.0,,
79040,Gruver,Hansford,TX,,,,,
79041,Hale Center,Hale,TX,,,,,
79042,Happy,Swisher,TX,2023-11-08T00:00:00.000Z,1400.0,,,
79043,Hart,Castro,TX,,,,,
79044,Hartley,Hartley,TX,,,,,
79045,Hereford,Deaf Smith,TX,2025-11-21T00:00:00.000Z,1234.0,1200.0,0.79,0.65
79046,Higgins,Lipscomb,TX,,,,,
79052,Kress,Swisher,TX,,,,,
79054,Lefors,Gray,TX,,,,,
79056,Lipscomb,Lipscomb,TX,,,,,
79057,Mclean,Gray,TX,2025-10-23T00:00:00.000Z,1100.0,1100.0,,
79058,Masterson,Moore,TX,,,,,
79059,Miami,Roberts,TX,2025-11-21T00:00:00.000Z,725.0,725.0,,
79061,Mobeetie,Wheeler,TX,2025-08-09T00:00:00.000Z,1095.0,1095.0,0.95,0.95
79062,Morse,Hansford,TX,,,,,
79063,Nazareth,Castro,TX,,,,,
79064,Olton,Lamb,TX,,,,,
79065,Pampa,Gray,TX,2025-11-21T00:00:00.000Z,1204.0,1100.0,1.06,1.0
79068,Panhandle,Carson,TX,2025-11-21T00:00:00.000Z,1750.0,1750.0,0.99,0.99
79070,Perryton,Ochiltree,TX,2025-11-21T00:00:00.000Z,850.0,850.0,0.62,0.62
79072,Plainview,Hale,TX,2025-11-21T00:00:00.000Z,890.0,815.0,1.0,0.91
79078,Sanford,Hutchinson,TX,,,,,
79079,Shamrock,Wheeler,TX,2025-11-21T00:00:00.000Z,625.0,625.0,,
79080,Skellytown,Carson,TX,,,,,
79081,Spearman,Hansford,TX,,,,,
79082,Springlake,Lamb,TX,,,,,
79083,Stinnett,Hutchinson,TX,2025-07-28T00:00:00.000Z,725.0,725.0,1.01,1.01
79084,Stratford,Sherman,TX,,,,,
79086,Sunray,Moore,TX,2023-12-31T00:00:00.000Z,1800.0,,,
79087,Texline,Dallam,TX,,,,,
79088,Tulia,Swisher,TX,2025-11-21T00:00:00.000Z,794.0,699.0,1.3,1.55
79092,Vega,Oldham,TX,2023-02-22T00:00:00.000Z,750.0,,,
79094,Wayside,Armstrong,TX,,,,,
79095,Wellington,Collingsworth,TX,2022-10-11T00:00:02.395Z,600.0,,,
79096,Wheeler,Wheeler,TX,2025-06-19T00:00:00.000Z,1050.0,1050.0,0.88,0.88
79097,White Deer,Carson,TX,2025-09-14T00:00:00.000Z,1100.0,1100.0,0.61,0.61
79098,Wildorado,Oldham,TX,,,,,
79101,Amarillo,Potter,TX,2025-11-21T00:00:00.000Z,759.0,700.0,0.96,1.0
79102,Amarillo,Potter,TX,2025-11-21T00:00:00.000Z,1048.0,895.0,0.85,0.91
79103,Amarillo,Potter,TX,2025-11-21T00:00:00.000Z,1150.0,1250.0,1.08,1.16
79104,Amarillo,Potter,TX,2025-11-21T00:00:00.000Z,880.0,875.0,1.22,1.26
79105,Amarillo,Potter,TX,2025-08-25T00:00:00.000Z,875.0,875.0,,
79106,Amarillo,Potter,TX,2025-11-21T00:00:00.000Z,1122.0,950.0,1.05,1.04
79107,Amarillo,Potter,TX,2025-11-21T00:00:00.000Z,1022.0,1050.0,0.98,1.02
79108,Amarillo,Potter,TX,2025-11-21T00:00:00.000Z,1099.0,1050.0,1.29,1.09
79109,Amarillo,Randall,TX,2025-11-21T00:00:00.000Z,1440.0,1350.0,1.13,1.1
79110,Amarillo,Randall,TX,2025-11-21T00:00:00.000Z,1503.0,1350.0,1.18,1.2
79111,Amarillo,Potter,TX,2023-03-23T00:00:00.000Z,850.0,,,
79118,Amarillo,Randall,TX,2025-11-21T00:00:00.000Z,1904.0,1800.0,1.27,1.3
79119,Amarillo,Randall,TX,2025-11-21T00:00:00.000Z,2125.0,1950.0,1.22,1.22
79121,Amarillo,Randall,TX,2025-11-21T00:00:00.000Z,2254.0,1995.0,1.2,1.2
79124,Amarillo,Potter,TX,2025-11-21T00:00:00.000Z,2259.0,2195.0,1.63,1.59
79159,Amarillo,Potter,TX,2024-01-06T00:00:00.000Z,1350.0,,,
79201,Childress,Childress,TX,2024-09-21T00:00:00.000Z,1000.0,1000.0,,
79220,Afton,Dickens,TX,,,,,
79225,Chillicothe,Hardeman,TX,2021-05-13T00:00:22.611Z,850.0,,,
79226,Clarendon,Donley,TX,2025-11-21T00:00:00.000Z,800.0,800.0,,
79227,Crowell,Foard,TX,,,,,
79229,Dickens,Dickens,TX,,,,,
79233,Estelline,Hall,TX,,,,,
79234,Flomot,Motley,TX,,,,,
79235,Floydada,Floyd,TX,2025-11-21T00:00:00.000Z,760.0,695.0,0.56,0.47
79237,Hedley,Donley,TX,,,,,
79239,Lakeview,Hall,TX,,,,,
79240,Lelia Lake,Donley,TX,2025-06-04T00:00:00.000Z,1400.0,1400.0,1.28,1.28
79241,Lockney,Floyd,TX,2025-09-26T00:00:00.000Z,1000.0,1000.0,,
79243,Mcadoo,Dickens,TX,,,,,
79244,Matador,Motley,TX,,,,,
79245,Memphis,Hall,TX,2025-04-02T00:00:00.000Z,1550.0,1550.0,0.8,0.8
79247,Odell,Wilbarger,TX,,,,,
79248,Paducah,Cottle,TX,2025-11-21T00:00:00.000Z,975.0,950.0,0.85,0.83
79250,Petersburg,Hale,TX,2025-11-21T00:00:00.000Z,850.0,850.0,0.76,0.76
79251,Quail,Collingsworth,TX,,,,,
79252,Quanah,Hardeman,TX,2025-10-06T00:00:00.000Z,599.0,599.0,0.49,0.49
79255,Quitaque,Briscoe,TX,,,,,
79256,Roaring Springs,Motley,TX,,,,,
79257,Silverton,Briscoe,TX,,,,,
79261,Turkey,Hall,TX,,,,,
79311,Abernathy,Hale,TX,2025-11-21T00:00:00.000Z,1445.0,1395.0,1.18,1.14
79312,Amherst,Lamb,TX,2025-11-21T00:00:00.000Z,3300.0,3300.0,1.03,1.03
79313,Anton,Hockley,TX,2025-11-21T00:00:00.000Z,1175.0,950.0,0.89,0.77
79316,Brownfield,Terry,TX,2025-11-21T00:00:00.000Z,868.0,573.0,0.57,0.7
79322,Crosbyton,Crosby,TX,2025-11-21T00:00:00.000Z,503.0,524.0,0.62,0.59
79323,Denver City,Yoakum,TX,2025-11-21T00:00:00.000Z,854.0,900.0,1.35,0.96
79325,Farwell,Parmer,TX,2025-11-21T00:00:00.000Z,1079.0,1000.0,0.95,0.95
79329,Idalou,Lubbock,TX,2025-11-21T00:00:00.000Z,1554.0,1000.0,1.35,1.16
79330,Justiceburg,Garza,TX,2025-11-21T00:00:00.000Z,4450.0,4450.0,1.22,1.22
79331,Lamesa,Dawson,TX,2025-11-21T00:00:00.000Z,1269.0,1350.0,1.04,1.09
79336,Levelland,Hockley,TX,2025-11-21T00:00:00.000Z,640.0,650.0,1.09,1.14
79339,Littlefield,Lamb,TX,2025-11-21T00:00:00.000Z,732.0,725.0,0.91,0.98
79342,Loop,Gaines,TX,,,,,
79343,Lorenzo,Crosby,TX,2025-10-25T00:00:00.000Z,750.0,750.0,0.94,0.94
79345,Meadow,Terry,TX,2022-05-12T00:00:01.920Z,700.0,,,
79346,Morton,Cochran,TX,2024-10-29T00:00:00.000Z,600.0,600.0,,
79347,Muleshoe,Bailey,TX,2024-11-05T00:00:00.000Z,1600.0,1600.0,,
79350,New Deal,Lubbock,TX,2025-09-12T00:00:00.000Z,1100.0,1100.0,0.73,0.73
79351,Odonnell,Lynn,TX,,,,,
79355,Plains,Yoakum,TX,,,,,
79356,Post,Garza,TX,2025-11-21T00:00:00.000Z,645.0,645.0,1.36,1.36
79357,Ralls,Crosby,TX,2025-11-21T00:00:00.000Z,875.0,875.0,0.87,0.87
79358,Ropesville,Hockley,TX,2025-08-14T00:00:00.000Z,1000.0,1000.0,0.89,0.89
79359,Seagraves,Gaines,TX,2025-11-21T00:00:00.000Z,674.0,650.0,1.08,1.08
79360,Seminole,Gaines,TX,2025-11-21T00:00:00.000Z,1638.0,1300.0,1.28,1.27
79363,Shallowater,Lubbock,TX,2025-11-21T00:00:00.000Z,1682.0,1495.0,1.01,1.0
79364,Slaton,Lubbock,TX,2025-11-21T00:00:00.000Z,1361.0,1099.0,1.12,1.07
79366,Ransom Canyon,Lubbock,TX,2025-11-21T00:00:00.000Z,3800.0,3800.0,1.24,1.24
79367,Smyer,Hockley,TX,,,,,
79370,Spur,Dickens,TX,2025-11-21T00:00:00.000Z,950.0,950.0,0.73,0.73
79371,Sudan,Lamb,TX,2025-11-20T00:00:00.000Z,1195.0,1195.0,0.98,0.98
79372,Sundown,Hockley,TX,2025-11-21T00:00:00.000Z,659.0,645.0,,
79373,Tahoka,Lynn,TX,2025-11-21T00:00:00.000Z,800.0,800.0,0.57,0.57
79376,Tokio,Yoakum,TX,,,,,
79377,Welch,Dawson,TX,,,,,
79378,Wellman,Terry,TX,,,,,
79379,Whiteface,Cochran,TX,,,,,
79380,Whitharral,Hockley,TX,,,,,
79381,Wilson,Lynn,TX,2024-01-30T00:00:00.000Z,3000.0,,,
79382,Wolfforth,Lubbock,TX,2025-11-21T00:00:00.000Z,1652.0,1450.0,1.1,1.09
79383,New Home,Lynn,TX,,,,,
79401,Lubbock,Lubbock,TX,2025-11-21T00:00:00.000Z,941.0,850.0,1.04,0.97
79403,Lubbock,Lubbock,TX,2025-11-21T00:00:00.000Z,1204.0,1150.0,1.12,0.98
79404,Lubbock,Lubbock,TX,2025-11-21T00:00:00.000Z,1178.0,1075.0,1.05,1.01
79406,Lubbock,Lubbock,TX,2024-10-26T00:00:00.000Z,1500.0,1500.0,1.23,1.23
79407,Lubbock,Lubbock,TX,2025-11-21T00:00:00.000Z,1479.0,1475.0,1.09,1.05
79410,Lubbock,Lubbock,TX,2025-11-21T00:00:00.000Z,1246.0,1200.0,1.04,0.98
79411,Lubbock,Lubbock,TX,2025-11-21T00:00:00.000Z,1005.0,950.0,1.0,0.95
79412,Lubbock,Lubbock,TX,2025-11-21T00:00:00.000Z,985.0,900.0,1.0,0.86
79413,Lubbock,Lubbock,TX,2025-11-21T00:00:00.000Z,1238.0,1195.0,0.94,0.92
79414,Lubbock,Lubbock,TX,2025-11-21T00:00:00.000Z,1074.0,995.0,1.02,0.93
79415,Lubbock,Lubbock,TX,2025-11-21T00:00:00.000Z,932.0,800.0,1.04,1.07
79416,Lubbock,Lubbock,TX,2025-11-21T00:00:00.000Z,1387.0,1400.0,0.99,0.98
79423,Lubbock,Lubbock,TX,2025-11-21T00:00:00.000Z,1493.0,1449.0,1.01,1.01
79424,Lubbock,Lubbock,TX,2025-11-21T00:00:00.000Z,1790.0,1600.0,1.1,1.07
79464,Lubbock,Lubbock,TX,2024-01-06T00:00:00.000Z,1462.0,,,
79501,Anson,Jones,TX,2025-11-21T00:00:00.000Z,1348.0,500.0,0.68,0.42
79502,Aspermont,Stonewall,TX,,,,,
79503,Avoca,Jones,TX,,,,,
79504,Baird,Callahan,TX,2025-11-21T00:00:00.000Z,1425.0,1425.0,1.13,1.13
79505,Benjamin,Knox,TX,,,,,
79506,Blackwell,Nolan,TX,,,,,
79508,Buffalo Gap,Taylor,TX,2025-11-21T00:00:00.000Z,1695.0,1495.0,1.93,1.26
79510,Clyde,Callahan,TX,2025-11-21T00:00:00.000Z,1184.0,1100.0,1.16,1.1
79511,Coahoma,Howard,TX,2025-05-03T00:00:00.000Z,1300.0,1300.0,1.44,1.44
79512,Colorado City,Mitchell,TX,2025-11-21T00:00:00.000Z,915.0,805.0,1.18,1.18
79517,Fluvanna,Scurry,TX,,,,,
79518,Girard,Kent,TX,,,,,
79519,Goldsboro,Coleman,TX,2025-09-28T00:00:00.000Z,2000.0,2000.0,0.97,0.97
79520,Hamlin,Jones,TX,2025-06-09T00:00:00.000Z,995.0,995.0,0.68,0.68
79521,Haskell,Haskell,TX,2025-11-21T00:00:00.000Z,2500.0,2500.0,2.11,2.11
79525,Hawley,Jones,TX,2025-11-21T00:00:00.000Z,1495.0,1495.0,0.97,0.97
79526,Hermleigh,Scurry,TX,2024-09-29T00:00:00.000Z,1200.0,1200.0,0.81,0.81
79527,Ira,Scurry,TX,2025-11-21T00:00:00.000Z,900.0,900.0,,
79528,Jayton,Kent,TX,,,,,
79529,Knox City,Knox,TX,2021-01-28T12:00:23.274Z,1399.0,,,
79530,Lawn,Taylor,TX,2025-07-19T00:00:00.000Z,815.0,815.0,1.27,1.27
79532,Loraine,Mitchell,TX,,,,,
79533,Lueders,Jones,TX,,,,,
79534,Mc Caulley,Fisher,TX,,,,,
79536,Merkel,Taylor,TX,2025-11-21T00:00:00.000Z,985.0,850.0,0.8,0.63
79538,Novice,Coleman,TX,2024-09-09T00:00:00.000Z,1250.0,1250.0,0.69,0.69
79539,O Brien,Haskell,TX,,,,,
79540,Old Glory,Stonewall,TX,,,,,
79541,Ovalo,Taylor,TX,2025-10-23T00:00:00.000Z,3195.0,3195.0,1.4,1.4
79543,Roby,Fisher,TX,,,,,
79544,Rochester,Haskell,TX,,,,,
79545,Roscoe,Nolan,TX,2023-05-23T00:00:00.000Z,600.0,,,
79546,Rotan,Fisher,TX,2023-09-14T00:00:00.000Z,1400.0,,,
79547,Rule,Haskell,TX,,,,,
79549,Snyder,Scurry,TX,2025-11-21T00:00:00.000Z,1216.0,1100.0,1.26,1.2
79553,Stamford,Jones,TX,2023-02-11T00:00:00.000Z,850.0,,,
79556,Sweetwater,Nolan,TX,2025-11-21T00:00:00.000Z,1074.0,1100.0,0.9,0.82
79560,Sylvester,Fisher,TX,,,,,
79561,Trent,Taylor,TX,2023-05-24T00:00:00.000Z,750.0,,,
79562,Tuscola,Taylor,TX,2025-11-21T00:00:00.000Z,3011.0,1950.0,1.68,1.03
79563,Tye,Taylor,TX,2025-11-21T00:00:00.000Z,2550.0,1900.0,1.06,1.08
79565,Westbrook,Mitchell,TX,,,,,
79566,Wingate,Runnels,TX,,,,,
79567,Winters,Runnels,TX,2025-11-21T00:00:00.000Z,775.0,775.0,0.87,0.87
79601,Abilene,Taylor,TX,2025-11-21T00:00:00.000Z,1346.0,1250.0,1.45,1.27
79602,Abilene,Taylor,TX,2025-11-21T00:00:00.000Z,1807.0,1695.0,1.46,1.38
79603,Abilene,Taylor,TX,2025-11-21T00:00:00.000Z,1482.0,1395.0,1.23,1.22
79605,Abilene,Taylor,TX,2025-11-21T00:00:00.000Z,1682.0,1450.0,1.35,1.22
79606,Abilene,Taylor,TX,2025-11-21T00:00:00.000Z,2291.0,2095.0,1.53,1.47
79607,Dyess AFB,Taylor,TX,,,,,
79701,Midland,Midland,TX,2025-11-21T00:00:00.000Z,1769.0,1600.0,1.52,1.44
79702,Midland,Midland,TX,2023-03-08T00:00:00.000Z,1600.0,,,
79703,Midland,Midland,TX,2025-11-21T00:00:00.000Z,1883.0,1900.0,1.54,1.53
79705,Midland,Midland,TX,2025-11-21T00:00:00.000Z,2577.0,2599.0,1.52,1.49
79706,Midland,Midland,TX,2025-11-21T00:00:00.000Z,2809.0,2850.0,1.72,1.9
79707,Midland,Midland,TX,2025-11-21T00:00:00.000Z,2368.0,2350.0,1.5,1.45
79708,Midland,Midland,TX,,,,,
79710,Midland,Midland,TX,,,,,
79712,Midland,Midland,TX,2025-11-21T00:00:00.000Z,1850.0,1850.0,1.38,1.38
79713,Ackerly,Martin,TX,,,,,
79714,Andrews,Andrews,TX,2025-11-21T00:00:00.000Z,1107.0,1000.0,1.34,1.33
79718,Balmorhea,Reeves,TX,,,,,
79719,Barstow,Ward,TX,,,,,
79720,Big Spring,Howard,TX,2025-11-21T00:00:00.000Z,1465.0,1400.0,1.33,1.19
79721,Big Spring,Howard,TX,2022-04-07T00:00:01.718Z,850.0,,,
79730,Coyanosa,Pecos,TX,,,,,
79731,Crane,Crane,TX,2025-11-21T00:00:00.000Z,1100.0,1100.0,0.75,0.75
79733,Forsan,Howard,TX,2025-05-01T00:00:00.000Z,2500.0,2500.0,0.8,0.8
79734,Fort Davis,Jeff Davis,TX,2025-10-26T00:00:00.000Z,1450.0,1450.0,0.89,0.89
79735,Fort Stockton,Pecos,TX,2025-11-21T00:00:00.000Z,1255.0,1249.0,1.28,1.31
79738,Gail,Borden,TX,,,,,
79739,Garden City,Glasscock,TX,,,,,
79740,Girvin,Pecos,TX,2021-01-13T12:00:07.086Z,7500.0,,,
79741,Goldsmith,Ector,TX,2025-04-20T00:00:00.000Z,700.0,700.0,0.93,0.93
79742,Grandfalls,Ward,TX,,,,,
79743,Imperial,Pecos,TX,2024-11-06T00:00:00.000Z,2500.0,2500.0,1.03,1.03
79744,Iraan,Pecos,TX,,,,,
79745,Kermit,Winkler,TX,2025-11-21T00:00:00.000Z,1400.0,1400.0,1.3,1.3
79748,Knott,Howard,TX,,,,,
79749,Lenorah,Martin,TX,,,,,
79752,Mc Camey,Upton,TX,2025-11-21T00:00:00.000Z,1150.0,1100.0,1.37,1.21
79754,Mentone,Loving,TX,,,,,
79755,Midkiff,Upton,TX,,,,,
79756,Monahans,Ward,TX,2025-11-21T00:00:00.000Z,1974.0,2100.0,1.95,1.91
79758,Gardendale,Ector,TX,2025-11-21T00:00:00.000Z,2825.0,2000.0,2.51,1.28
79759,Notrees,Ector,TX,,,,,
79760,Odessa,Ector,TX,2025-05-20T00:00:00.000Z,1400.0,1400.0,1.51,1.51
79761,Odessa,Ector,TX,2025-11-21T00:00:00.000Z,1719.0,1600.0,1.56,1.47
79762,Odessa,Ector,TX,2025-11-21T00:00:00.000Z,2082.0,2200.0,1.48,1.38
79763,Odessa,Ector,TX,2025-11-21T00:00:00.000Z,1619.0,1700.0,1.27,1.29
79764,Odessa,Ector,TX,2025-11-21T00:00:00.000Z,1747.0,1600.0,1.47,1.36
79765,Odessa,Ector,TX,2025-11-21T00:00:00.000Z,2496.0,2500.0,1.52,1.47
79766,Odessa,Ector,TX,2025-11-21T00:00:00.000Z,5550.0,1100.0,,
79768,Odessa,Ector,TX,,,,,
79772,Pecos,Reeves,TX,2025-11-21T00:00:00.000Z,2283.0,2300.0,1.67,1.83
79776,Penwell,Ector,TX,,,,,
79777,Pyote,Ward,TX,,,,,
79778,Rankin,Upton,TX,2025-11-21T00:00:00.000Z,1700.0,1700.0,1.3,1.3
79781,Sheffield,Pecos,TX,,,,,
79782,Stanton,Martin,TX,2025-11-21T00:00:00.000Z,1550.0,1400.0,1.34,1.27
79785,Toyah,Reeves,TX,,,,,
79788,Wickett,Ward,TX,2025-11-21T00:00:00.000Z,2300.0,2300.0,,
79789,Wink,Winkler,TX,2023-03-23T00:00:00.000Z,1000.0,,,
79821,Anthony,El Paso,TX,2025-11-21T00:00:00.000Z,1597.0,1625.0,1.13,1.07
79830,Alpine,Brewster,TX,2025-11-21T00:00:00.000Z,1102.0,950.0,1.23,1.14
79831,Alpine,Brewster,TX,,,,,
79832,Alpine,Brewster,TX,,,,,
79834,Big Bend National Park,Brewster,TX,,,,,
79835,Canutillo,El Paso,TX,2025-11-21T00:00:00.000Z,1532.0,1299.0,1.12,1.13
79836,Clint,El Paso,TX,2025-11-21T00:00:00.000Z,1400.0,1300.0,0.81,0.66
79837,Dell City,Hudspeth,TX,,,,,
79838,Fabens,El Paso,TX,2025-11-21T00:00:00.000Z,645.0,550.0,0.44,0.46
79839,Fort Hancock,Hudspeth,TX,,,,,
79842,Marathon,Brewster,TX,,,,,
79843,Marfa,Presidio,TX,2025-11-21T00:00:00.000Z,1775.0,1700.0,1.4,1.24
79845,Presidio,Presidio,TX,2025-11-21T00:00:00.000Z,686.0,496.0,0.47,0.47
79846,Redford,Presidio,TX,,,,,
79847,Salt Flat,Hudspeth,TX,2025-05-30T00:00:00.000Z,500.0,500.0,,
79848,Sanderson,Terrell,TX,,,,,
79849,San Elizario,El Paso,TX,2025-11-21T00:00:00.000Z,1259.0,1295.0,1.1,1.14
79851,Sierra Blanca,Hudspeth,TX,,,,,
79852,Terlingua,Brewster,TX,2023-07-20T00:00:00.000Z,2000.0,,,
79853,Tornillo,El Paso,TX,,,,,
79854,Valentine,Presidio,TX,,,,,
79855,Van Horn,Culberson,TX,2025-11-21T00:00:00.000Z,1250.0,1250.0,3.12,3.12
79901,El Paso,El Paso,TX,2025-11-21T00:00:00.000Z,873.0,800.0,1.38,1.32
79902,El Paso,El Paso,TX,2025-11-21T00:00:00.000Z,1397.0,1175.0,1.43,1.33
79903,El Paso,El Paso,TX,2025-11-21T00:00:00.000Z,1164.0,1100.0,1.3,1.29
79904,El Paso,El Paso,TX,2025-11-21T00:00:00.000Z,1095.0,1100.0,1.13,1.09
79905,El Paso,El Paso,TX,2025-11-21T00:00:00.000Z,1105.0,1100.0,1.32,1.16
79906,El Paso,El Paso,TX,2022-08-30T00:00:01.744Z,1030.0,,,
79907,El Paso,El Paso,TX,2025-11-21T00:00:00.000Z,1322.0,1200.0,1.16,1.13
79911,El Paso,El Paso,TX,2025-11-21T00:00:00.000Z,2584.0,2400.0,1.23,1.18
79912,El Paso,El Paso,TX,2025-11-21T00:00:00.000Z,1890.0,1800.0,1.18,1.14
79915,El Paso,El Paso,TX,2025-11-21T00:00:00.000Z,1067.0,980.0,1.12,1.14
79922,El Paso,El Paso,TX,2025-11-21T00:00:00.000Z,1634.0,1420.0,1.65,1.09
79924,El Paso,El Paso,TX,2025-11-21T00:00:00.000Z,1413.0,1400.0,1.08,1.06
79925,El Paso,El Paso,TX,2025-11-21T00:00:00.000Z,1594.0,1500.0,1.25,1.09
79927,El Paso,El Paso,TX,2025-11-21T00:00:00.000Z,1617.0,1610.0,1.08,1.07
79928,El Paso,El Paso,TX,2025-11-21T00:00:00.000Z,1860.0,1850.0,1.12,1.12
79930,El Paso,El Paso,TX,2025-11-21T00:00:00.000Z,1099.0,1100.0,1.14,1.12
79932,El Paso,El Paso,TX,2025-11-21T00:00:00.000Z,1905.0,1840.0,1.15,1.09
79934,El Paso,El Paso,TX,2025-11-21T00:00:00.000Z,1763.0,1725.0,1.07,1.04
79935,El Paso,El Paso,TX,2025-11-21T00:00:00.000Z,1279.0,1200.0,1.12,1.0
79936,El Paso,El Paso,TX,2025-11-21T00:00:00.000Z,1472.0,1495.0,1.13,1.12
79938,El Paso,El Paso,TX,2025-11-21T00:00:00.000Z,1784.0,1735.0,1.06,1.05
